시도교육청,폐교명,폐교연도,지역교육청,급별,활용현황,주소
경북,가곡초등학교,1998,영양,초,매각,영양군 일월면 가곡리 220
경북,가례초,1994,김천,초,매각,김천시 대덕면 가례리 252
경북,가산초등학교동창분교장,1996,칠곡,초,매각,칠곡군 가산면 가산리 635-1
경북,가산초등학교선석분교장,1991,칠곡,초,매각,칠곡군 가산면 석우리 567
경북,가산초등학교하판분교장,1997,칠곡,초,매각,칠곡군 가산면 송학리 268
경북,가은초 갈전분교,1992,문경,초,매각,문경시 가은읍 갈전리 287-2
경북,가은초 문양분교,2002,문경,초,매각,문경시 가은읍 전곡리 288-2
경북,가음중학교,2017,의성,초,미활용,의성군 가음면 장리 1276
경북,가음초순호분교장,1996,의성,초,매각,의성군 가음면 순호리 790
경북,가정초등학교,1999,경주,초,자체활용,경주시 현곡면 가정리 49-2
경북,가천고등학교,2017,성주,고,자체활용,성주군 가천면 창천리861
경북,가천초등학교무학분교장,2018,성주,초,미활용,성주군 금수면 무학리 1410
경북,가천초등학교법전분교장,1990,성주,초,매각,경상북도 성주군 가천면 법전1리 193-3번지
경북,가천초등학교용계분교장,1992,성주,초,매각,경상북도 성주군 가천면 신계리 726번지
경북,각북초,1998,청도,초,매각,청도군 각북면 남산리 118-2
경북,감문초등학교,1994,김천,초,대부,김천시 감문면 삼성리 1383
경북,감천초 옥천분교,2008,예천,초,매각,예천군 보문면 옥천리 235
경북,감천초등학교덕율분교장,2009,예천,초,자체활용,예천군 감천면 덕율리 143
경북,감포초등학교연동분교장,1989,경주,초,매각,경주시 감포읍 오류리 130
경북,강구초등학교 금진분교,1996,영덕,초,매각,영덕군 강구면 금진리 85
경북,강구초등학교직천분교장,1995,영덕,초,자체활용,영덕군 강구면 원직리 263
경북,강동초등학교단구분교장,2014,경주,초,미활용,경주시 강동면 단구리 1147
경북,강동초등학교왕신분교장,2009,경주,초,대부,경주시 강동면 왕신리 669-1
경북,개일초,1992,청송,초,매각,청송군 현동면 개일리 313
경북,개진초등학교영동분교장,2008,고령,초,미활용,고령군 개진면 생리 251 외
경북,개포초등학교,2000,예천,초,대부,예천군 개포면 신음리 160-1
경북,개포초등학교경진분교장,1999,예천,초,대부,예천군 개포면 경진리 565 외
경북,경주마케팅고등학교,2019,경주,고,자체활용,경주시 산내면 의곡리 70-65
경북,경주초등학교학동분교장,2002,경주,초,미활용,경주시 내남면 비지리 545
경북,경주초등학교화천분교장,2010,경주,초,자체활용,경주시 건천읍 화천리 1328-1
경북,계림초등학교,1992,경산,초,매각,경산시 자인면 계림리 144-9
경북,고경중,2016,영천,중,매각,영천시 고경면 상덕리 365
경북,고경초등학교삼귀분교장,1995,영천,초,대부,영천시 고경면 차당리 산51-2
경북,고계초등학교,1993,봉화,초,매각,봉화군 명호면 고계리 613
경북,고령여자종합고,2010,고령,고,매각,고령군 고령읍 지산리 337
경북,고령여중,2010,고령,중,매각,고령군 고령읍 지산리 323
경북,고령초 덕곡분교,2000,고령,초,매각,고령군 덕곡면 가륜리 229-1
경북,고령초 일량분교,2000,고령,초,매각,고령군 고령읍 내곡리 528-1
경북,고목초등학교,1996,울진,초,대부,울진군  북면 고목리 470-4
경북,고산초만리분교장,1994,의성,초,매각,의성군 안사면 만리리 121
경북,고양초등학교,1999,봉화,초,미활용,봉화군 명호면 양곡리 329-1 외 1필지
경북,곡강초등학교양백분교장,1990,포항,초,매각,포항시 북구 흥해읍 양백리 458
경북,곡송초 광덕분교,1993,김천,초,매각,김천시 감문면 광덕리 458
경북,곡송초등학교,2013,김천,초,미활용,김천시 감문면 태촌리 785
경북,공검중학교,2017,상주,중,매각,상주시 공검면 양정리 158
경북,공검초등학교,2002,상주,초,매각,상주시 공검면 동막리 74
경북,공서초등학교,2013,상주,초,대부,상주시 공성면 금계리 33
경북,공서초등학교성문분교장,1999,상주,초,매각,상주시 공성면 효곡리 491
경북,관하초,2007,청도,초,매각,청도군 매전면 관하리 1226-1
경북,광덕초등학교,1999,안동,초,매각,안동시 풍천면 광덕리 140-4
경북,광덕초등학교,1992,청송,초,자체활용,청송군 진보면 광덕리 271 외 3필지
경북,구)울릉중학교,2020,울릉,중,자체활용,울릉군 울릉읍 도동리 223-8
경북,구곡초,1993,김천,초,매각,김천시 지례면 울곡리 277-1
경북,구구초,1999,영주,초,매각,영주시 단산면 구구리 901-1
경북,구길초등학교,1992,경주,초,매각,경주시 문무대왕면 구길리 233
경북,구례초,1989,김천,초,매각,김천시 어모면 구례리 626
경북,구룡포여자종합고등학교,2012,포항,고,대부,포항시 남구 구룡포읍 병포리 139-1
경북,구룡포여자중학교,2012,포항,중,대부,포항시 남구 구룡포읍 병포리 139-1
경북,구룡포초등학교구남분교장,2014,포항,초,대부,포항시 남구 구룡포읍 구평리 736-1
경북,구룡포초등학교구동분교장,2011,포항,초,매각,포항시 남구 구룡포읍 구룡포리 381-1
경북,구봉초등학교,1995,구미,초,매각,구미시 옥성면 구봉리 368-3
경북,구성초 과곡분교,2009,김천,초,매각,김천시 구성면 송죽리 111
경북,구성초 금평분교,1993,김천,초,매각,김천시 구성면 금평리 496
경북,구성초 임천분교,1999,김천,초,매각,김천시 구성면 임천리 171
경북,구성초등학교양각분교장,2011,김천,초,미활용,김천시 구성면 양각리 402
경북,구수초등학교,1995,안동,초,매각,안동시 길안면 구수리 287
경북,구천초등학교용호분교장,1999,의성,초,미활용,의성군 구천면 용사리 361-1
경북,구천초청산분교장,1995,의성,초,매각,의성군 구천면 청산리 407
경북,금곡초등학교,2009,경산,초,매각,경산시 남천면 금곡리 374
경북,금곡초등학교,1999,영덕,초,대부,영덕군 병곡면 금곡리 269-1
경북,금곡초등학교 유금분교,1993,영덕,초,매각,영덕군 병곡면 금곡리 724
경북,금성여자상업고등학교,2019,의성,고,대부,의성군 금성면 탑리리 960
경북,금성초경애분교장,1983,의성,초,매각,의성군 금성면 탑리리 1140-3
경북,금성초도경분교장,2006,의성,초,매각,의성군 금성면 도경리 845
경북,금성초조문분교장,2005,의성,초,매각,의성군 금성면 초전리 223-5
경북,금소초등학교,1999,안동,초,매각,안동시 임하면 금소리 589-7
경북,금오산초,2010,김천,초,매각,김천시 남면 운남리 567
경북,금오산초 오봉분교,2000,김천,초,매각,김천시 남면 오봉리 713
경북,금천초,2000,울진,초,매각,울진군 온정면 금천리 210
경북,금천초등학교문명분교장,2018,청도,초,대부,청도군 운문면 신원리 1230-1
경북,금천초임호분교,1995,청도,초,매각,청도군 금천면 임당리 1026-1
경북,금호남부초등학교,1995,영천,초,대부,영천시 금호읍 호남리 307
경북,기계중학교상옥분교장,2021,포항,중,대부,포항시 북구 죽장면 상옥리 389
경북,기계초등학교기남분교장,1994,포항,초,매각,포항시 북구 기계면 봉계리 262-1
경북,기계초등학교기서분교장,2002,포항,초,미활용,포항시 북구 기계면 가안리 14
경북,기동초등학교,1996,포항,초,매각,포항시 북구 기계면 화봉리 452
경북,기북초등학교덕동분교,1992,포항,초,매각,포항시 북구 기북면 오덕리 235-1
경북,기산초등학교,1999,칠곡,초,대부,칠곡군 기산면 봉산리 538
경북,기성초다천분교장 ,1996,울진,초,매각,울진군 기성면 다천리 922
경북,기성초등학교구산분교장,2023,울진,초,미활용,울진군 기성면 구산리 320
경북,기성초등학교사동분교장,2024,울진,초,미활용,울진군 기성면 사동리 455
경북,기성초방율분교장 ,1995,울진,초,매각,울진군 기성면 방율리 525
경북,기포초등학교,1992,영양,초,매각,영양군 청기면 기포리 408
경북,길산초등학교,1991,안동,초,매각,안동시 임동면 지례리 651
경북,길안초등학교 금곡분교장,2001,안동,초,매각,안동시 길안면 금곡리 산67
경북,길안초등학교 대곡분교장,1999,안동,초,매각,안동시 길안면 대곡리 778-2
경북,길안초등학교 대사분교장,2000,안동,초,매각,안동시 길안면 대사리 169
경북,길안초등학교 묵계분교장,2001,안동,초,매각,안동시 길안면 묵계리 720-9
경북,길안초등학교 용계분교장,1990,안동,초,매각,안동시 길안면 용계리 244
경북,길주중학교녹전분교장,2018,안동,중,대부,안동시 녹전면 신평리 756
경북,김룡초,1999,문경,초,매각,문경시 산북면 거산리 234
경북,김룡초 석봉분교,1993,문경,초,매각,문경시 산북면 석봉리 386
경북,김천상업고등학교,2019,김천,고,대부,김천시 지례면 교리 407
경북,낙동초등학교신상분교장,1998,상주,초,매각,상주시 낙동면 신상리 474
경북,낙동초등학교용포분교장,2017,상주,초,매각,상주시 낙동면 용포리 21
경북,낙서초등학교서원분교장,1994,상주,초,대부,상주시 내서면 서원리 167
경북,남산초등학교삼성분교장,2010,경산,초,자체활용,경산시 남산면 하대리 370
경북,남양초구암분교장,1999,울릉,초,매각,울릉군 서면 남서리 488-1
경북,남양초등학교태하분교장,2012,울릉,초,미활용,울릉군 서면 태하리 521-2
경북,남양초통구미분교장,1999,울릉,초,매각,울릉군 서면 남양리 134-3
경북,남정초등학교 도천분교,1994,영덕,초,매각,영덕군 남정명 도천리 97-1
경북,남호초등학교,1997,영덕,초,매각,영덕군 남정면 남호리 181
경북,남후초등학교 고곡분교장,1994,안동,초,매각,안동시 남후면 고상리 22
경북,남후초등학교 단호분교장,1997,안동,초,매각,안동시 남후면 단호리 149-5
경북,남후초등학교 아곡분교장,1999,안동,초,매각,안동시 남후면 하아리 39-3
경북,내곡초,1994,고령,초,매각,고령군 대가야읍 저전리 45-1
경북,내남초등학교광석분교장,1999,경주,초,매각,경주시 내남면 덕천리 897-3
경북,내남초등학교명계분교장,1997,경주,초,매각,경주시 내남면 명계리 54-4
경북,내룡초 항동분교장,1988,청송,초,매각,청송군 주왕산면 항리 171
경북,내서초등학교,1999,상주,초,자체활용,상주시 내서면 신촌리 21
경북,노월초등학교,1995,경주,초,자체활용,경주시 내남면 노곡리 909-6
경북,노음초구고분교장 ,1995,울진,초,매각,울진군 근남면 구산리 산136-2
경북,노음초등학교진복분교장,1994,울진,초,자체활용,울진군 근남면 진복리 631
경북,녹남초등학교,1994,안동,초,대부,안동시 녹전면 사신리 455-5
경북,녹산초등학교,1993,안동,초,매각,안동시 녹전면 녹래리 547
경북,녹전초등학교 갈현분교장,1993,안동,초,매각,안동시 녹전면 갈현리 154
경북,농남중학교,2014,김천,중,자체활용,김천시 남면 옥산리 560-2
경북,농소초 봉곡분교,2008,김천,초,매각,김천시 농소면 봉곡리 1214
경북,농소초 연명분교,1998,김천,초,매각,김천시 농소면 연명리 219
경북,농암초 궁기분교,1994,문경,초,매각,문경시 농암면 궁기리 99
경북,농암초 선암분교,2000,문경,초,매각,문경시 농암면 선곡리 240
경북,다덕초등학교,1992,봉화,초,매각,봉화군 법전면 풍정리 751
경북,다산초 노곡분교,2009,고령,초,매각,고령군 다산면 노곡리 710-1
경북,다산초 벌지분교,2008,고령,초,매각,고령군 다산면 벌지리 63
경북,다인정보고등학교,2017,의성,고,자체활용,의성군 다인면 도암리 283
경북,다인초등학교달제분교장,1993,의성,초,자체활용,의성군 다인면 달제리 1513
경북,단밀중,2016,의성,중,매각,의성군 단밀면 주선리 400
경북,단밀초,1992,의성,초,매각,의성군 단밀면 생송리 222
경북,단북초,2014,의성,초,매각,의성군 담북면 이연리 801
경북,단북초효제분교장,2000,의성,초,매각,의성군 단북면 효제리 127-3
경북,단촌초방하분교장,1992,의성,초,매각,의성군 단촌면 방하리 289-1
경북,달산초등학교,1999,영덕,초,매각,영덕군 달산면 대지리 463
경북,달산초등학교 용전분교,1994,영덕,초,매각,영덕군 달산면 용전리 189-1
경북,달전초등학교초곡분교장,1994,포항,초,매각,포항시 북구 흥해읍 초곡리 1010
경북,대가초등학교금수분교장,1999,성주,초,매각,경상북도 성주군 금수면 광산리 125번지
경북,대덕중학교,2017,김천,중,자체활용,김천시 대덕면 관기리 777
경북,대덕중학교증산분교장,2017,김천,중,자체활용,김천시 증산면 동안리 76
경북,대덕초 내감분교,1994,김천,초,매각,김천시 대덕면 내감리 907
경북,대덕초 문의분교,1995,김천,초,매각,김천시 대덕면 문의리 240
경북,대방초,2008,김천,초,매각,김천시 조마면 대방리 539
경북,대방초등학교,1999,구미,초,대부,구미시 고아읍 횡산리 47
경북,대보초등학교강사분교장,1993,포항,초,미활용,포항시 남구 호미곶면 강사리 491
경북,대보초등학교대동배분교장,2007,포항,초,대부,포항시 남구 호미곶면 대동배리 410-1
경북,대본초등학교,2010,경주,초,매각,경주시 감포읍 대본리 671
경북,대산초등학교,1999,청도,초,대부,청도군 각남면 옥산리 15
경북,대서초등학교,1999,성주,초,매각,경상북도 성주군 대가면 대천1리 3-1번지
경북,대성초등학교,2003,성주,초,매각,경상북도 성주군 대가면 옥성2리 356번지
경북,대신초등학교,2015,김천,초,대부,김천시 아포읍 대신리 810
경북,대신초등학교,2000,포항,초,자체활용,포항시 북구 죽도동 655-9
경북,대야초,1983,김천,초,매각,김천시 부항면 대야리 388-1
경북,대양초등학교,2001,포항,초,자체활용,포항시 북구 환호동 13-7
경북,대전초,1993,청도,초,매각,청도군 이서면 대전리 539
경북,대전초,2013,청송,초,매각,청송군 부남면 대전리 586
경북,대창동부초,1994,영천,초,매각,영천시 대창면 운천리 817
경북,덕산초,1995,울진,초,매각,울진군 온정면 덕인리 1544
경북,도리원초봉양분교장,1998,의성,초,매각,의성군 봉양면 구미리 706-1
경북,도리원초일산분교장,2000,의성,초,매각,의성군 봉양면 장대리 660-1
경북,도명초,1995,김천,초,매각,김천시 감문면 남곡리 251
경북,도산중학교,2018,안동,초,자체활용,안동시 도산면 온혜리 923
경북,도산초등학교,1993,안동,초,매각,안동시 도산면 단천리532
경북,도원초등학교선남동부분교장,2017,성주,초,매각,경상북도 성주군 선남면 용신리 933-1
경북,도천초,1983,영천,초,매각,영천시 북안면 도천리 6465
경북,동곡초등학교,2015,청도,초,자체활용,청도군 금천면 동곡리 905
경북,동곡초등학교김전분교장,1999,청도,초,대부,청도군 금천면 김전리 52
경북,동곡초소천분교,1997,청도,초,매각,청도군 금천면 소천리 1344
경북,동로초 생달분교,1995,문경,초,매각,문경시 동로면 생달리 186
경북,동로초 석항분교,1996,문경,초,매각,문경시 동로면 석항리 663
경북,동면초등학교,1998,봉화,초,매각,봉화군 재산면 동면리 1283
경북,동방초등학교내동분교장,1999,경주,초,매각,경주시 조양동 646-1
경북,동산초등학교,1998,구미,초,매각,구미시 도개면 동산리884
경북,동성초 마성분교,2010,문경,초,매각,문경시 마성면 정리 25-3
경북,동성초 봉명분교,2002,문경,초,매각,문경시 마성면 남호리 39
경북,동양초등학교금봉분교장,1983,봉화,초,매각,봉화군 봉성면 금봉리 769-1
경북,동양초등학교우곡분교장,2001,봉화,초,매각,봉화군 봉성면 우곡리 272-1
경북,동원초,1995,의성,초,매각,의성군 점곡면 동변리 1075-1
경북,동해초등학교내북분교장,2000,포항,초,매각,포항시 남구 동해면 공당리 451
경북,동해초등학교흥환분교장,2013,포항,초,대부,포항시 남구 동해면 흥환리 357
경북,두릉초등학교,2005,상주,초,자체활용,상주시 사벌국면 두릉리 303
경북,두월초,1995,영주,초,매각,영주시 이산면 두월리 1182
경북,득수초등학교,1993,상주,초,매각,상주시 모서면 득수리 193
경북,만운초등학교,1993,안동,초,매각,안동시 풍산읍 만운리 792
경북,망정초등학교,1999,칠곡,초,매각,칠곡군 석적읍 망정리 788
경북,매전초등학교,2012,청도,초,대부,청도군 매전면 온막리 42-4
경북,매정초등학교 석동분교,1994,영덕,초,매각,영덕군 영덕읍 석리 243
경북,매호초등학교,1999,상주,초,매각,상주시 사벌국면 매호리 500
경북,매화종합고등학교,2008,울진,고,자체활용,울진군 매화면 매화리 1141
경북,매화초갈면분교장,1996,울진,초,매각,울진군 원남면 갈면리 163
경북,매화초길곡분교장 ,1995,울진,초,매각,울진군 원남면 길곡리 423
경북,매화초덕신분교장 ,2009,울진,초,매각,울진군 원남면 오산리 931
경북,명전초,1995,문경,초,매각,문경시 동로면 명전리 42
경북,명주초등학교,1999,영천,초,미활용,영천시 북안면 명주리 307-1
경북,명포초등학교,2001,성주,초,매각,경상북도 성주군 선남면 명포1리 산41-1번지
경북,명호중학교,2017,봉화,중,자체활용,봉화군 명호면 도천리 264-2 외 13필지
경북,명호초등학교북곡분교장,2017,봉화,초,대부,봉화군 명호면 북곡리 1309
경북,명호초등학교삼동분교장,1999,봉화,초,매각,봉화군 명호면 삼동리 639
경북,모서중학교백학분교장,2009,상주,중,매각,상주시 모서면 백학리 347
경북,모서초등학교대류분교장,1999,상주,초,매각,상주시 모서면 대포리 499
경북,모서초등학교호명분교장,1994,경주,초,대부,경주시 강동면 호명리 18
경북,모서초등학교화산분교장,2009,상주,초,매각,상주시 모서면 정산리 355-2
경북,모아초등학교모서분교장,2021,경주,초,대부,경주시 강동면 모서리 529
경북,모암초 삼애분교,1982,김천,초,매각,김천시 신음동 17
경북,무을초 무곡분교장,2001,구미,초,매각,구미시 무을면 무이리160
경북,무을초 안곡분교장,1999,구미,초,매각,구미시 무을면 안곡리 642-1
경북,무창초 기산분교장,1993,영양,초,매각,영양군 영양읍 기산리 267
경북,문경중 호계분교,2003,문경,중,매각,문경시 호계면 호계리 23
경북,문수초,1999,영주,초,매각,영주시 문수면 월호리 1354-2
경북,문수초 조제분교,1994,영주,초,매각,영주시 문수면 초제리 537
경북,문암초 용저분교장,1990,영양,초,매각,영양군 일월면 용화리 37
경북,문암초 용화분교장,1994,영양,초,매각,영양군 일월면 용화리 397
경북,문천초등학교,1999,안동,초,매각,안동시 와룡면 이상리 348
경북,문촌초등학교,1988,봉화,초,매각,봉화군 상운면 문촌리 785
경북,문충초등학교진천분교장,1986,포항,초,매각,포항시 남구 오천읍 진전리 168-1
경북,문흥초,1995,의성,초,매각,의성군 봉양면 분토리 928
경북,물야초등학교개단분교장,2012,봉화,초,대부,봉화군 물야면 개단리 844-2 외 1필지
경북,물야초등학교두문분교장,1997,봉화,초,매각,봉화군 물야면 두문리 385-1
경북,물야초등학교북지분교장,2017,봉화,초,매각,봉화군 물야면 북지리 727
경북,물야초등학교수식분교장,2016,봉화,초,대부,봉화군 물야면 수식리 418-1 외 2필지
경북,물야초등학교오전분교장,1997,봉화,초,미활용,봉화군 물야면 오전리 869-2 외 2필지
경북,밀성초,1995,의성,초,매각,의성군 다인면 양서리 570
경북,박달초등학교,1992,경주,초,대부,경주시 내남면 박달리 153
경북,방산초,1999,김천,초,매각,김천시 구성면 구미리 236
경북,방지초등학교,2015,청도,초,자체활용,청도군 금천면 방지리 1203
경북,방지초봉하분교,1999,청도,초,매각,청도군 운문면 봉하리 787
경북,백룡초,1999,영주,초,매각,영주시 이산면 용상리 713-1
경북,백산초등학교,2013,고령,초,자체활용,고령군 쌍림면 백산리 163 외
경북,벌지초 송곡분교,1983,고령,초,매각,고령군 다산면 송곡리 272
경북,법전중학교,2017,봉화,중,대부,봉화군 법전면 법전리 238 외 2필지
경북,법전초등학교,1999,봉화,초,자체활용,봉화군 춘양면 소로리 534-1외 6필지
경북,벽진초등학교창리분교장,1996,성주,초,매각,경상북도 성주군 벽진면 용암1리 906번지
경북,보문초 학성분교,1994,예천,초,매각,예천군 보문면 산성리 172
경북,보성초,1998,예천,초,매각,예천군 보문면 미호리 343
경북,봉계초등학교태화분교장,2024,김천,초,미활용,김천시 봉산면 태화리 175
경북,봉두초등학교,1991,성주,초,매각,경상북도 성주군 금수면 봉두리 산67번지
경북,봉산초등학교정천분교장,1989,포항,초,매각,포항시 남구 장기면 정천리 22
경북,봉소초등학교성신분교장,1984,성주,초,매각,경상북도 성주군 초전면 용봉3리 1094-31번지
경북,봉소초등학교월전분교장,1985,성주,초,매각,경상북도 성주군 초전면 월곡2리 284-1번지
경북,봉하초마일분교,1989,청도,초,매각,청도군 운문면 마일리 1603-1
경북,봉현남부초,1999,영주,초,매각,영주시 봉현면 노좌리 203-5
경북,봉현서부초등학교,2012,영주,초,대부,영주시 봉현면 두산리 210
경북,봉화여자고등학교,2007,봉화,고,자체활용,봉화군 봉화읍 해저리 36
경북,봉화여자중학교,2007,봉화,중,자체활용,봉화군 봉화읍 해저리 36
경북,봉화중학교봉성분교장,2010,봉화,중,매각,봉화군 봉성면 봉성리 380-2
경북,부곡초,1993,청송,초,매각,청송군 진보면 부곡리 337-8
경북,부곡초 기곡분교장,1990,청송,초,매각,청송군 진보면 기곡리 520-1
경북,부구초나곡분교장,1994,울진,초,매각,울진군 북면 나곡리 927-3
경북,부구초주인분교장 ,1997,울진,초,매각,울진군 북면 주인리 607-1
경북,부남초 화장분교장,1993,청송,초,매각,청송군 부남면 화장리 462-1
경북,부남초등학교이현분교장,1993,청송,초,대부,청송군 부남면 이현리 726-1
경북,부남초등학교중기분교장,1991,청송,초,미활용,청송군 청송읍 중기리 610-2
경북,부상초등학교,1997,김천,초,미활용,김천시 남면 부상리 564
경북,부석북부초,2001,영주,초,매각,영주시 부석면 임곡리 92-1
경북,부석초등학교남대분교장,2002,영주,초,미활용,영주시 부석면 남대리 354
경북,부석초등학교상석분교장,2002,영주,초,대부,영주시 부석면 상석리 480-1
경북,부천초,1998,문경,초,매각,문경시 호계면 지천리 262-1
경북,부항초 안간분교,1994,김천,초,매각,김천시 부항면 안간리 350
경북,부항초 유촌분교,1999,김천,초,매각,김천시 부항면 유촌리 272-1
경북,북삼초등학교오평분교장,2022,칠곡,초,자체활용,칠곡군 북삼읍 오평리 847-7
경북,북안초 신촌분교,1986,영천,초,매각,영천시 북안면 신촌리 224-2
경북,북후초등학교 연곡분교장,2008,안동,초,매각,안동시 북후면 연곡리 414-1
경북,북후초등학교 월전분교장,1994,안동,초,매각,안동시 북후면 월전리 385
경북,북후초등학교 학산분교장,1995,안동,초,매각,안동시 북후면 신전리 523
경북,비안고등학교,2008,의성,고,자체활용,의성군 비안면 이두리 345
경북,비안중학교,2016,의성,중,자체활용,의성군 비안면 이두리 345
경북,사곡초공정분교장,1993,의성,초,매각,의성군 사곡면 공정리733
경북,사곡초등학교,2011,의성,초,자체활용,의성군 사곡면 양지리 550
경북,사곡초작승분교장,2000,의성,초,매각,의성군 사곡면 작승리 537-1
경북,사동초삼산분교장 ,1995,울진,초,매각,울진군 기성면 삼산리 861
경북,사벌고등학교,2008,상주,고,매각,상주시 사벌면 엄암리 24-1
경북,사벌중학교,2007,상주,중,매각,상주시 사벌면 엄암리 24-1
경북,사일초,1999,영천,초,매각,영천시 청통면 신덕리 362-1
경북,산동초 도중분교장,1984,구미,초,매각,구미시 산동면 도중리 480-2
경북,산동초등학교송백분교장,2010,구미,초,미활용,구미시 산동면 송산리 243
경북,산북정보고등학교,2005,문경,고,자체활용,문경시  산북면 대상리 97-3
경북,산북초 내화분교,1992,문경,초,매각,문경시 산북면 내화리 796-1
경북,산북초 이곡분교,1994,문경,초,매각,문경시 산북면 이곡리 8-2
경북,산양초 금동분교,2009,문경,초,매각,문경시 산양면 과곡리 594
경북,산양초 의산분교,1999,문경,초,매각,문경시 산양면 위만리 108-3
경북,산운초,1995,의성,초,매각,의성군 금성면 산운리 236
경북,산제초등학교,1994,의성,초,대부,의성군 비안면 화신리 145-1
경북,삼근초광회분교장 ,2017,울진,초,매각,울진군 금강송면 광회리 310
경북,삼근초동수곡분교장 ,1992,울진,초,매각,울진군 서면 왕피리 1051
경북,삼근초소광분교장 ,1995,울진,초,매각,울진군 서면 소광리 657
경북,삼근초쌍전분교장 ,1993,울진,초,매각,울진군 서면 쌍전리 300
경북,삼근초왕피분교장,2019,울진,초,매각,울진군 금강송면 왕피리 594
경북,삼근초원곡분교장 ,1995,울진,초,매각,봉화군 소천면 분천리 181-4
경북,삼분초,1999,의성,초,매각,의성군 다인면 삼분리 1370-2
경북,삼천초,1999,예천,초,매각,예천군 감천면 천향리 352
경북,상리초 고항분교,1996,예천,초,매각,예천군 상리면 고항리 577
경북,상리초 명봉분교,1994,예천,초,매각,예천군 상리면 명봉리 377-1
경북,상산초등학교북부분교장,2006,상주,초,매각,상주시 중덕동 647
경북,상오초등학교,1987,상주,초,자체활용,상주시 화북면 상오리 562
경북,상옥초등학교하옥분교장,1993,포항,초,자체활용,포항시 북구 죽장면 하옥리 444
경북,상운중학교,2017,봉화,중,대부,봉화군 상운면 운계리 664-1 외 5필지
경북,상운초등학교신라분교장,2002,봉화,초,매각,봉화군 봉성면 신라리 807-2
경북,상주초등학교남장분교장,1994,상주,초,대부,상주시 남장동 229-1
경북,상천초,2010,의성,초,매각,의성군 금성면 제오리 904-1
경북,서라벌초등학교황용분교장,1993,경주,초,매각,경주시 황용동 572
경북,서벽초등학교금정분교장,1995,봉화,초,매각,봉화군 춘양면 우구치리 31-2
경북,서성초,1996,문경,초,매각,문경시 마성면 하내리 754-1
경북,서후초등학교대흥분교장,2022,안동,초,미활용,안동시 서후면 대두서리 61
경북,석계초등학교,1993,영천,초,미활용,영천시 고경면 석계리 5-2
경북,석병초등학교,1998,포항,초,대부,포항시 남구 구룡포읍 석병리 640-2
경북,석보초등학교소계분교장,1995,영양,초,대부,영양군 석보면 소계리223
경북,석탑초,1995,의성,초,매각,의성군 안평면 석탑리 258
경북,석포초등학교광평분교장,1991,봉화,초,매각,봉화군 석포면 석포리 산 1-1
경북,석포초등학교대현분교장,2011,봉화,초,매각,봉화군 석포면 대현리 90-5
경북,석포초등학교반야분교장,1996,봉화,초,매각,봉호군 석포면 석포리 84-1
경북,석포초등학교승부분교장,1993,봉화,초,매각,봉화군 석포면 승부리 437
경북,선남초등학교문방분교장,1992,성주,초,매각,경상북도 성주군 문방1리 650번지
경북,선산여자고등학교,2014,구미,고,자체활용,구미시 선산읍 이문리 884
경북,선산여자중학교,2014,구미,중,자체활용,구미시 선산읍 이문리 884
경북,선산초 동부분교장,1995,구미,초,매각,구미시 선산읍 원리 813
경북,선산초 봉천분교장,2007,구미,초,매각,구미시 선산읍 생곡리 767
경북,성남초등학교,1995,경산,초,매각,경산시 남산면 우검리 413
경북,성산초 사부분교,1999,고령,초,매각,고령군 성산면 사부리 160-4
경북,성호초등학교 조항분교,1992,영덕,초,매각,영덕군 축산면 조항리 149-1
경북,소곡초 ,1995,울진,초,매각,울진군 북면 소곡리 126
경북,소천고등학교,2018,봉화,고,자체활용,봉화군 소천면 현동리 701-10 외 6필지
경북,소천중학교옥방분교장,1995,봉화,중,매각,봉화군 소천면 분천리 9
경북,소천초등학교갈산분교장,1997,봉화,초,매각,봉화군 재산면 갈산리 320
경북,소천초등학교고선분교장,1992,봉화,초,매각,봉화군 소천면 고선리 501-4
경북,소천초등학교남회룡분교장,2015,봉화,초,매각,봉화군 소천면 남회룡리 150
경북,소천초등학교분천분교장,2021,봉화,초,매각,봉화군 소천면 분천리 1151
경북,소천초등학교우련전분교장,1992,봉화,초,매각,봉화군 재산면 갈산리 57-1
경북,소천초등학교임기분교장,2024,봉화,초,미활용,봉화군 소천면 임기리 805-7 외 4필지
경북,소천초등학교황목분교장,1996,봉화,초,매각,봉화군 소천면 분천리 1798-6
경북,소천초등학교황평분교장,2015,봉화,초,매각,봉화군 소천면 고선리 132
경북,속암초낙정분교장,1995,의성,초,매각,의성군 단밀면 낙정리 475
경북,속암초등학교문창분교장,1996,의성,초,대부,의성군 단밀면 팔등리 265
경북,속암초위중분교장,2006,의성,초,매각,의성군 단밀면 위중리 577-2
경북,송강초등학교,1995,안동,초,매각,안동시 서후면 이송천리 138
경북,송강초등학교,1999,청송,초,자체활용,청송군 파천면 송강리 284-2 외 7필지
경북,송도초등학교,1998,구미,초,매각,구미시 도개면 도개리 342
경북,송라초등학교화산분교장,1996,포항,초,매각,포항시 북구 송라면 화진리 547
경북,송생초등학교,1991,청송,초,대부,청송군 청송읍 송생리 551-3 외 3필지
경북,송하초등학교,1994,영양,초,자체활용,영양군 수비면 송하리 367-1
경북,수곡초 ,1995,울진,초,매각,울진군 근남면 수곡리 721-1
경북,수락초 무계분교장,1991,청송,초,매각,청송군 현서면 무계리 303-1
경북,수륜초등학교명륜분교장,1993,성주,초,대부,성주군 수륜면 송계리477
경북,수륜초등학교백운분교장,1993,성주,초,매각,경상북도 성주군 수륜면 백운리 산45-1번지
경북,수비초 본신분교장,1992,영양,초,매각,영양군 수비면 본신리 61
경북,수비초 수하분교장,1996,영양,초,매각,영양군 수비면 수하리 255-1
경북,수비초 죽파분교장,1992,영양,초,매각,영양군 수비면 죽파리 546-2
경북,수비초등학교신암분교장,2009,영양,초,미활용,영양군 수비면 신암리 166
경북,수평초등학교,1993,문경,초,대부,문경시  동로면 수평리390
경북,순흥초 배점분교,2008,영주,초,매각,영주시 순흥면 배점리 181
경북,숭인초등학교,1992,상주,초,매각,상주시 화동면 선교리 185
경북,시량초등학교,1996,청송,초,대부,청송군 진보면 시량리 507-3 외 4필지 
경북,신광초,1991,영천,초,매각,영천시 대창면 신광리 762
경북,신광초등학교기일분교장,1993,포항,초,매각,포항시 북구 신광면 기일리 297-1
경북,신광초등학교냉수분교장,1996,포항,초,매각,포항시 북구 신광면 냉수리 586
경북,신광초등학교마북분교장,1990,포항,초,매각,포항시 북구 신광면 마북리 171-4
경북,신광초등학교비학분교장,2007,포항,초,대부,포항시 북구 신광면 만석리 272-11
경북,신기초등학교대성분교장,2009,문경,초,자체활용,문경시  호계면 견탄리500-5
경북,신녕서부초등학교,2001,영천,초,미활용,영천시 신녕면 부산리 946-1
경북,신동초등학교연호분교장,1999,칠곡,초,대부,칠곡군 지천면 연호리 산90-1
경북,신동초등학교연화분교장,1997,칠곡,초,미활용,칠곡군 지천면 연화리 513-4
경북,신동초등학교학운분교장,1991,칠곡,초,매각,칠곡군 지천면 백운리 309
경북,신사초 금학분교장,1993,영양,초,매각,영양군 입암면 금학리 38
경북,신사초등학교,1999,영양,초,대부,영양군 입압면 신사리 610
경북,신산초등학교,1994,의성,초,대부,의성군 단북면 신하리 551
경북,신상초등학교,2008,경산,초,자체활용,경산시 진량읍 신상리 343-1
경북,신성중학교,1996,안동,중,매각,안동시 풍천면 어담리 1001-1
경북,신성초,1993,청송,초,매각,청송군 안덕면 신성리 360-1
경북,신촌초,2000,청송,초,매각,청송군 진보면 신촌리 46-3
경북,신풍초,1999,예천,초,매각,예천군 지보면 신풍리 327
경북,신흥초,1994,울진,초,매각,울진군 원남면 신흥리 303
경북,아포초 신기분교,1999,김천,초,매각,김천시 아포읍 대성리 112-1
경북,아화초등학교도동분교장,1993,경주,초,매각,경주시 서면 도리 951-1
경북,아화초등학교천촌분교장,1995,경주,초,대부,경주시 서면 천촌리 345-2
경북,안강북부초등학교,2013,경주,초,자체활용,경주시 안강읍 육통리 543-3
경북,안계서부초,1994,의성,초,매각,의성군 안계면 양곡리 491-1
경북,안계여자고등학교,2002,의성,고,자체활용,의성군 안계면 용기리 1009-1
경북,안계여자중학교,2002,의성,중,자체활용,의성군 안계면 용기리 1009-1
경북,안계중학교구천분교장,2003,의성,중,자체활용,의성군 구천면 유산리
경북,안계초고산분교장,2000,의성,초,매각,의성군 안사면 안사리 669-1
경북,안계초교촌분교장,1994,의성,초,매각,의성군 안계면 교촌리 350
경북,안계초도덕분교장,1994,의성,초,매각,의성군 안계면 도덕리 590-1
경북,안덕초 지소분교장,2000,청송,초,매각,청송군 안덕면 지소리 61
경북,안동중학교와룡분교장,2018,안동,중,대부,안동시 와룡면 지내리 926
경북,안동중학교인계분교장,2018,안동,중,대부,안동시 예안면 인계리 산19-5
경북,안림초,2011,고령,초,매각,고령군 쌍림면 안림리 149
경북,안정남부초,1996,영주,초,매각,영주시 안정면 용산리 492
경북,안평중,2016,의성,중,매각,의성군 안평면 창길리 1234
경북,안평중신평분교장,2007,의성,중,매각,의성군 신평면 중율리 550
경북,안평초도옥분교장,2005,의성,초,매각,의성군 안평면 도옥리 211
경북,안평초중률분교장,2007,의성,초,매각,의성군 신평면 중률리 150
경북,안평초하령분교장,1999,의성,초,매각,의성군 안평면 하령리 272-2
경북,압량초등학교,2017,경산,초,자체활용,경산시 압량읍 부적리 601
경북,애당초등학교,1999,봉화,초,매각,봉화군 춘양면 애당리 185
경북,야성초등학교,2012,영덕,초,매각,영덕군 영덕읍 남석리 34-1
경북,양남초등학교상계분교장,2015,경주,초,미활용,경주시 양남면 상계리 57-2
경북,양남초등학교석읍분교장,1996,경주,초,매각,경주시 양남면 석읍리 365
경북,양북고등학교,2003,경주,고,자체활용,경주시 문무대왕면 어일리 701
경북,양북초등학교권이분교장,1992,경주,초,매각,경주시 문무대왕면 권이리 327-3
경북,양북초등학교송전분교장,2010,경주,초,대부,경주시 문무대왕면 송전리 94
경북,양북초등학교안동분교장,1996,경주,초,매각,경주시 문무대왕면 안동리 633-6
경북,양북초등학교용동분교장,2007,경주,초,매각,경주시 문무대왕면 용동리 1148-3
경북,양천초등학교,2019,김천,초,대부,김천시 양천동 1301-2
경북,양포초등학교계원분교장,2005,포항,초,매각,포항시 남구 장기면 계원리 38
경북,어모초등학교,2007,김천,초,대부,김천시 어모면 동좌리 619
경북,연곡초등학교 서현분교장,1993,안동,초,매각,안동시 북후면 대현리 736
경북,연화초등학교,1994,김천,초,대부,김천시 대덕면 연화리 255
경북,영덕야성초등학교매정분교장,2016,영덕,초,미활용,영덕군 영덕읍 매정리 88
경북,영덕야성초등학교창포분교장,2015,영덕,초,자체활용,영덕군 영덕읍 창포리 550
경북,영덕중학교 달산분교,2001,영덕,중,매각,영덕군 달산면 대지리 777-3
경북,영도초등학교,1999,영천,초,대부,영천시 본촌동 335-2
경북,영동초,1999,문경,초,매각,문경시 영순면 오룡리 467-1
경북,영동초등학교동성분교장,1996,상주,초,매각,상주시 함창읍 하갈리 238
경북,영북초등학교,2007,영천,초,자체활용,영천시 녹전동 127
경북,영수초등학교,1993,상주,초,매각,상주시 공검면 중소리 576-2
경북,영순중,2009,문경,중,매각,문경시 영순면 사근리 845-1
경북,영순초 영창분교,2008,문경,초,매각,문경시 영순면 말응리 524
경북,영양중학교입암분교장,2019,영양,중,자체활용,영양군 입암면 산해리 48
경북,영양초 감천분교장,1989,영양,초,매각,영양군 영양읍 감천리 724
경북,영주부석고등학교,2008,영주,고,자체활용,영주시 부석면 소천리 501-1
경북,영창중,2016,영천,중,매각,영천시 대창면 대창리 1028
경북,영천남부초등학교,2012,영천,초,미활용,영천시 작산동 56
경북,영해여자종합고등학교,2009,영덕,고,매각,영덕군 영해면 성내리 411
경북,영해여자중학교,2009,영덕,중,매각,영덕군 영해면 성내리 411
경북,영해초등학교 축산분교,2011,영덕,초,매각,영덕군 축산면 상원리 163-5
경북,영해초등학교대동분교장,1997,영덕,초,대부,영덕군 영해면 대리 394-1
경북,영해초등학교영해동부분교장,2009,영덕,초,대부,영덕군 영해면 괴시리 490
경북,영화초등학교화덕분교장,2020,영천,초,미활용,영천시 화산면 덕암리 140-2
경북,예산초등학교,2012,구미,초,자체활용,구미시 선산읍 북산리 587
경북,예천남부초 신당분교,2008,예천,초,매각,예천군 호명면 내신리 347
경북,예천남부초 호명분교,2000,예천,초,매각,예천군 호명면 백송리 59
경북,예천남부초등학교인포분교장,2009,예천,초,자체활용,예천군 호명읍 월포리 382
경북,예천동부초 보문분교,2008,예천,초,매각,예천군 보문면 수계리 658-1
경북,예천종고,1998,예천,고,매각,예천군 예천읍 청복리 947-1
경북,오계초등학교,2001,영주,초,자체활용,영주시 안정면 오계리 525
경북,오룡초등학교,1999,안동,초,매각,안동시 와룡면 감애리 434
경북,오류초,1982,영천,초,매각,영천시 고경면 오류리 631
경북,오릉초등학교,2010,경주,초,자체활용,경주시 탑동 676-2
경북,오산초,1992,영천,초,매각,영천시 화북면 오산리 775
경북,옥계초 금포분교장,2000,구미,초,매각,구미시 금전동 412
경북,옥대초 마락분교,1991,영주,초,매각,영주시 단산면 마락리 319-2
경북,옥대초 좌석분교,1994,영주,초,매각,영주시 단산면 좌석리 89-2
경북,옥대초등학교단산분교장,1994,영주,초,대부,영주시 부석면 병산리 343
경북,옥산초등학교,1995,영덕,초,매각,영덕군 달산면 옥산리 314
경북,옥산초등학교인성분교장,1997,상주,초,매각,상주시 공성면 우하리 524
경북,옥산초등학교하강분교장,2000,경주,초,대부,경주시 안강읍 하곡리 632
경북,옥전초신계분교장,1992,의성,초,매각,의성군 옥산면 신계리 314-1
경북,옥전초오류분교장,1999,의성,초,매각,의성군 옥산면 오류리 376-1
경북,옥전초옥성분교장,1992,의성,초,매각,의성군 옥산면 실업리 565-1
경북,온양초등학교,1997,울진,초,자체활용,울진군 울진읍 온양리 224-9
경북,온정초선미분교장 ,1999,울진,초,매각,울진군 온정면 선구리 623
경북,온정초조금분교장 ,1995,울진,초,매각,울진군 온정면 조금리 185
경북,온혜초등학교 가송분교장,1996,안동,초,매각,안동시 도산면 가송리 762-5
경북,온혜초등학교 예안분교장,2009,안동,초,매각,안동시 도산면 서부리 211-1
경북,온혜초등학교 의일분교장,1995,안동,초,매각,안동시 도산면 의일리 217-1
경북,온혜초등학교 태자분교장,1993,안동,초,매각,안동시 도산면 태자리 562-2
경북,와룡초등학교 대동분교장,1995,안동,초,매각,안동시 와룡면 도곡리 315 
경북,와룡초등학교 산야분교장,1992,안동,초,매각,안동시 와룡면 산야리 1223
경북,와룡초등학교나소분교장,1995,안동,초,대부,안동시 와룡면 라소리 628-1
경북,왕산초등학교,1994,경주,초,대부,경주시 암곡동 389
경북,외남초등학교삼남분교장,2013,상주,초,미활용,상주시 외남면 신촌리 467
경북,외서초등학교갈곡분교장,1995,상주,초,매각,상주시 외서면 대전리 47-2
경북,외서초등학교배영분교장,1999,상주,초,대부,상주시 외서면 봉강리 139
경북,외서초등학교우서분교장,1999,상주,초,매각,상주시 외서면 우산리 223
경북,용강초등학교,1995,경산,초,매각,경산시 용성면 용천리 152-2
경북,용곡초등학교,1998,상주,초,매각,상주시 함창읍 신흥리 274
경북,용궁상업고등학교,2006,예천,고,자체활용,예천군 용궁면 읍부리 251-3
경북,용궁초 장평분교,2009,예천,초,매각,예천군 용궁면 월오리 690
경북,용대초,1999,예천,초,매각,예천군 용궁면 대제리 225
경북,용문초 선동분교,1995,예천,초,매각,예천군 용문면 선리 93-2
경북,용문초 용서분교,1995,예천,초,매각,예천군 용문면 두천리 438-1
경북,용산초등학교,2007,청도,초,자체활용,청도군 청도읍 무등리 371-4
경북,용성초등학교구룡분교장,1992,경산,초,미활용,경산시 용성면 매남리 158
경북,용성초등학교송림분교장,1993,경산,초,매각,경산시 용성면 송림리 485
경북,용암초등학교선송분교장,1992,성주,초,매각,경상북도 성주군 용암면 선송리 233번지
경북,용암초등학교성산분교장,1991,성주,초,매각,경상북도 성주군 용암면 죽전리 80번지
경북,용암초등학교성암분교장,1998,성주,초,매각,경상북도 성주군 용암면 마월1리 233-1번지
경북,용원초,1993,예천,초,매각,예천군 용문면 원류리 307
경북,용흥중학교,2019,포항,중,대부,포항시 북구 용흥동 340
경북,용흥초 중평분교,1992,문경,초,매각,문경시 문경읍 중평리 279
경북,우곡초등학교도진분교장,2013,고령,초,미활용,고령군 우곡면 도진리 270
경북,우산중학교,2020,울릉,중,대부,울릉군 울릉읍 저동리 456
경북,우서초등학교전의분교장,1994,상주,초,매각,상주시 외서면 대전리 351
경북,운문초,1994,영주,초,매각,영주시 이산면 운문리 697
경북,운문초,1992,청도,초,매각,청도군 운문면 대천리 382-1
경북,운수초등학교화암분교장,1994,고령,초,미활용,고령군 운수면 화암리 1163
경북,울릉북중학교,2020,울릉,중,대부,울릉군 북면 천부리 713
경북,울릉서중학교,2020,울릉,중,대부,울릉군 서면 남서리 30-3
경북,울릉중태하분교장,2010,울릉,중,매각,울릉군 서면 태하리 553
경북,울릉초등학교장흥분교장,2000,울릉,초,대부,울릉군 울릉읍 사동리 238
경북,울진여자고등학교,1999,울진,고,자체활용,울진군 울진읍 읍내리 549
경북,울진여자중학교,1999,울진,중,자체활용,울진군 울진읍 읍내리 549
경북,울진중삼근분교장 ,2002,울진,중,매각,울진군 서면 삼근리 78
경북,울진초대흥분교장,1994,울진,초,매각,울진군 울진읍 대흥리 213-1
경북,울진초신림분교장,1994,울진,초,매각,울진군 울진읍 신림리 509
경북,원구초등학교,1994,영덕,초,매각,영덕군 영해면 원구리 146-1
경북,원림초등학교,1995,안동,초,미활용,안동시 남선면 원림리 358-3
경북,원전초등학교,1999,영덕,초,대부,영덕군 지품면 원전리 295-2
경북,원전초등학교 기사분교,1992,영덕,초,매각,영덕군 지품면 기사리 263-1
경북,원황초등학교 월의분교,1995,영덕,초,매각,영덕군 병곡면 각리 727-2
경북,월곡초등학교 계곡분교장,1999,안동,초,매각,안동시 예안면 구룡리 518
경북,월곡초등학교 동인분교장,1995,안동,초,매각,안동시 예안면 인계리 430
경북,월곡초등학교 부포분교장,2001,안동,초,매각,안동시 예안면 부포리 110
경북,월곡초등학교동계분교장,1993,안동,초,미활용,안동시 예안면 태곡리 688
경북,월막초,1994,고령,초,매각,고령군 쌍림면 월막리 305
경북,월외초,1995,청송,초,매각,청송군 청송읍 월외리 442-1
경북,월정초등학교,2002,청송,초,대부,청송군 현서면 도리 54-3
경북,월지초,1995,문경,초,매각,문경시 산북면 지내리 32
경북,월탄초,1994,예천,초,매각,예천군 지보면 마전리 719
경북,위성초,1997,의성,초,매각,의성군 구천면 위성리 788
경북,유계초등학교,1994,예천,초,대부,예천군 감천면 유리 183-2 외
경북,유등초등학교,1994,청도,초,대부,청도군 화양읍 유등리 1876
경북,유천중학교,2007,예천,중,자체활용,예천군 유천면 가리 746 외
경북,유천초대현분교,2000,청도,초,매각,청도군 청도읍 평양리 700-3
경북,율동초등학교,1998,경주,초,매각,경주시 율동 1748-1
경북,은척상업고등학교,2006,상주,고,자체활용,상주시 은척면 우기리 497
경북,은척중학교아산분교장,2011,상주,중,대부,상주시 이안면 아천리 347
경북,은척초등학교황룡분교장,2001,상주,초,매각,상주시 은척면 황령리 736
경북,은풍초 은계분교,2008,예천,초,매각,예천군 상리면 석묘리 401-1
경북,응명초,2003,김천,초,매각,김천시 응명동 212
경북,의곡초등학교감산분교장,1993,경주,초,대부,경주시 산내면 감산리 1107-1
경북,의곡초등학교대현분교장,1996,경주,초,대부,경주시 산내면 대현리 1345
경북,의곡초등학교신원분교장,1993,경주,초,대부,경주시 산내면 신원리 222
경북,의곡초등학교우라분교장,2010,경주,초,대부,경주시 산내면 우라리 988
경북,의곡초등학교일부분교장,2024,경주,초,미활용,경주시 산내면 일부리 748
경북,의곡초등학교중리분교장,1996,경주,초,매각,경주시 산내면 대현리 2574
경북,의성남부초비봉분교장,1995,의성,초,매각,의성군 의성읍 비봉리 776-1
경북,의성중사곡분교장,2003,의성,중,매각,의성군 사곡면 양지리 362
경북,의성중점곡분교장,2002,의성,중,매각,의성군 점곡면 서변리 172
경북,이가초등학교,1996,포항,초,미활용,포항시 북구 청하면 이가리 138
경북,이두초비안분교장,2008,의성,초,매각,의성군 비안면 서부리 35
경북,이두초쌍계분교장,2000,의성,초,매각,의성군 비안면 쌍계리 630
경북,이두초쌍호분교장,2019,의성,초,매각,의성군 안사면 월소리 750-1
경북,이산동부초,1994,영주,초,매각,영주시 이산면 석포리 755
경북,이안초등학교아산분교장,1999,상주,초,매각,상주시 이안면 아천리 487
경북,이전초 내룡분교장,1996,청송,초,매각,청송군 주왕산면 내룡리 72-2
경북,이전초 부동분교장,1992,청송,초,매각,청송군 주왕산면 신점리 717-2
경북,이전초등학교부동분교장,1992,청송,초,대부,청송군 부동면 신점리 764-1 외 2필지
경북,인천초등학교 보림분교,1993,영덕,초,매각,영덕군 창수면 보림리 297-1
경북,일월중학교,1998,영양,중,매각,영양군 일월면 가곡리 162-1
경북,일월초 문암분교장,1994,영양,초,매각,영양군 일월면 문암리 178-2
경북,일월초 오리분교장,1995,영양,초,매각,영양군 일월면 오리리 151-1
경북,일월초 청북분교장,2015,영양,초,매각,영양군 청기면 당리 536-3
경북,일직남부초등학교,2009,안동,초,매각,안동시 일직면 양호리 819
경북,일직서부초등학교,1992,안동,초,매각,안동시 일직면 국곡리 35-2
경북,일직초등학교평촌분교장,2000,안동,초,미활용,안동시 일직면 명진리 313
경북,임고중,2016,영천,중,매각,영천시 임고면 양평면 161-1
경북,임고초등학교금대분교장,2002,영천,초,미활용,영천시 임고면 금대리 446
경북,임고초등학교수성분교장,2009,영천,초,미활용,영천시 임고면 수성리 901-2
경북,임동중학교,2018,안동,중,미활용,안동시 임동면 중평리 948
경북,임동초등학교 대성분교장,1997,안동,초,매각,안동시 임동면 대곡리 541
경북,임동초등학교 동부분교장,1996,안동,초,매각,안동시 임동면 위리 280
경북,임동초등학교 사월분교장,1994,안동,초,매각,안동시 임동면 사월리 936
경북,임동초등학교 지양분교장,1995,안동,초,매각,안동시 임동면 지리 305-1
경북,임동초등학교고천분교장,1994,안동,초,대부,안동시 임동면 고천리 101-1
경북,임봉초등학교,2011,구미,초,자체활용,구미시 산동읍 봉산리165
경북,임천초 마산분교,1993,김천,초,매각,김천시 구성면 마산리 401-1
경북,임하동부초등학교,1992,안동,초,매각,안동시 임하면 임하리576-2
경북,임하동부초등학교 사의분교장,1988,안동,초,매각,안동시 임하면 사의리 100-2
경북,임하중학교,1999,안동,중,매각,안동시 임하면 임하리 1091
경북,임하초등학교 추목분교장,1993,안동,초,매각,안동시 임하면 추목리 376
경북,입암초 청일분교장,2007,영양,초,매각,영양군 청기면 청기리 451-1
경북,입암초등학교방전분교장,2000,영양,초,대부,영양군 입암면 방전리 489-3
경북,자명초등학교,2005,포항,초,대부,포항시 남구 연일읍 자명리 526-1
경북,자양중,1998,영천,중,매각,영천시 자양면 보현리 1305
경북,자양중 성곡분교,1997,영천,중,매각,영천시 자양면 성곡리 538
경북,자양초,1999,영천,초,매각,영천시 자양면 성곡리 537
경북,자양초등학교신방분교장,1999,영천,초,대부,영천시 자양면 신방리 803
경북,자천중,2016,영천,중,매각,영천시 화북면 자천리 1409
경북,자천초 정각분교,1999,영천,초,매각,영천시 화북면 정각리 760-1
경북,자천초등학교상송분교장,2007,영천,초,미활용,영천시 화북면 상송리 42-1
경북,장기초등학교봉산분교장,2009,포항,초,매각,포항시 남구 장기면 창지리 30-2 
경북,장기초등학교산서분교장,1996,포항,초,매각,포항시 남구 장기면 산서리 523-2
경북,장기초등학교영암분교정,1995,포항,초,매각,포항시 남구 장기면 영암리 342
경북,장수초 성곡분교,2007,영주,초,매각,영주시 장수면 성곡리 246-1
경북,장천초 영남분교장,2000,구미,초,매각,구미시 장천면 하장리 651
경북,장천초 오로분교장,1993,구미,초,매각,구미시 장천면 오로리 824
경북,장항초등학교,1994,경주,초,매각,경주시 문무대왕면 장항리 333
경북,재산중학교,2017,봉화,중,매각,봉화군 재산면 현동리 1316
경북,재산초등학교남면분교장,1996,봉화,초,매각,봉화군 재산면 남면리 655
경북,전촌초등학교,2009,경주,초,자체활용,경주시 감포읍 전촌리 636
경북,전흥초,1992,의성,초,매각,의성군 옥산면 전흥리 764
경북,점곡고,2002,의성,고,매각,의성군 점곡면 서변리 172-3
경북,점곡초구암분교장,1999,의성,초,매각,의성군 점곡면 구암리 314
경북,정자초등학교,1995,포항,초,매각,포항지 북구 죽장면 정자리 547
경북,조령초,1998,문경,초,매각,문경시 문경읍 진안리 136
경북,조령초 동화원분교,1985,문경,초,매각,문경시 문경읍 상초리 472
경북,조마초 신곡분교,1994,김천,초,매각,김천시 조마면 신곡리 785
경북,조마초 신안분교,2002,김천,초,매각,김천시 조마면 신안리 501
경북,주남초 요원분교장,1994,영양,초,매각,영양군 석보면 요원리 46-2
경북,주남초등학교,1999,영양,초,대부,영양군 석보면 주남리350-1
경북,주왕산초,1999,청송,초,매각,청송군 주왕산면 하의리 162-1
경북,죽변초등학교화성분교장,2007,울진,초,미활용,울진군 죽변면 화성리 369
경북,죽장초등학교가사분교장,1993,포항,초,대부,포항시 북구 죽장면 가사리 380-1
경북,죽장초등학교두마분교장,1995,포항,초,매각,포항시 북구 죽장면 두마리 805
경북,죽장초등학교상사분교장,2001,포항,초,대부,포항시 북구 죽장면 상사리 1181-1
경북,죽장초등학교죽북분교장,2008,포항,초,대부,포항시 북구 죽장면 합덕리 276
경북,죽장초등학교현내분교장,1996,포항,초,매각,포항시 북구 죽장면 현내리 431
경북,중남초,1999,청도,초,매각,청도군 매전면 지전리 101
경북,중동중학교,2008,상주,중,미활용,상주시 중동면 간상리 872
경북,중동초등학교신동분교장,2007,상주,초,매각,상주시 중동면 신암리 886
경북,중동초등학교회상분교장,1992,상주,초,매각,상주시 중동면 회상리 887
경북,중앙초 상원분교장,1994,영양,초,매각,영양군 영양읍 상원리 302-1
경북,증산초 남곡분교,1993,김천,초,매각,김천시 증산면 부항리 283-1
경북,증산초 수도분교,1992,김천,초,매각,김천시 증산면 수도리 393
경북,증산초 장전분교,1995,김천,초,매각,김천시 증산면 장전리 820-1
경북,지경초,1992,청송,초,매각,청송군 파천면 지경리 178-3
경북,지곡초 용구분교,2001,영천,초,매각,영천시 화남면 구전리 414-2
경북,지곡초등학교,1986,포항,초,매각,포항시 남구 지곡동 166-4
경북,지동초등학교,2013,김천,초,대부,김천시 아포읍 지리 376
경북,지례중학교(김천상고 병설),2017,김천,중,미활용,김천시 지례면 교리 407
경북,지례중학교구성분교장,2017,김천,중,미활용,김천시 구성면 송죽리 800
경북,지례중학교부항분교장,2017,김천,중,미활용,김천시 부항면 사등리 597
경북,지보고등학교,2014,예천,고,자체활용,예천군 지보면 마전리 142-1
경북,지보초 마산분교,1995,예천,초,매각,예천군 지보면 마산리 491
경북,지보초 상월분교,1995,예천,초,매각,예천군 지보면 상월리 85-1
경북,지보초 어신분교,1999,예천,초,매각,예천군 지보면 어신리 1200-7
경북,지사초등학교,2012,성주,초,미활용,성주군 수륜면 오천리 280
경북,지사초등학교월남분교장,1993,성주,초,매각,경상북도 성주군 수륜면 보월리 507
경북,지소초 노래분교장,1992,청송,초,매각,청송군 안덕면 노래리 346
경북,지촌초,1992,청도,초,매각,청도군 운문면 지촌리 634
경북,지품초등학교 속곡분교,1992,영덕,초,매각,영덕군 지품면 속곡리 117-1
경북,지품초등학교 오천분교,1995,영덕,초,매각,영덕군 지품면 오천리 243-2
경북,지품초등학교 용덕분교,1991,영덕,초,매각,영덕군 지품면 용덕리 105
경북,지품초등학교낙평분교장,1995,영덕,초,대부,영덕군 지품면 낙평리 398-2
경북,직동초,2008,고령,초,매각,고령군 개진면 직리 804-2
경북,직지초등학교대성분교장,1995,김천,초,대부,김천시 대항면 대성리 489-4
경북,창락초,1999,영주,초,매각,영주시 풍기읍 창락리 385-1
경북,창산초,2008,영천,초,매각,영천시 금호읍 원기리 277
경북,창수중학교,2009,영덕,중,대부,영덕군 창수면 신기리 59-7
경북,창수초등학교 신리분교,1994,영덕,초,매각,영덕군 창수면 신리리 414
경북,창수초등학교 인량분교,1994,영덕,초,매각,영덕군 창수면 인량리 212
경북,창수초등학교미곡분교장,1994,영덕,초,대부,영덕군 창수면 미곡리 583
경북,창수초등학교오촌분교장,1998,영덕,초,대부,영덕군 창수면 오촌리 244-1
경북,천부초등학교현포분교장,2024,울릉,초,미활용,울릉군 북면 현포리 549
경북,천부초석포분교장,1998,울릉,초,매각,울릉군 북면 천부리 102
경북,천북초등학교물천분교장,2017,경주,초,미활용,경주시 천북면 물천리 624-1
경북,천북초등학교북군분교장,2006,경주,초,매각,경주시 천북면 신당리 273
경북,천북초등학교화당분교장,2001,경주,초,대부,경주시 천북면 화산리 145-1
경북,천전초등학교,1999,안동,초,매각,안동시 임하면 천전리 240
경북,천포초등학교산성분교장,1986,경주,초,매각,경주시 건천읍 송선리 산195-4
경북,청경초등학교,1998,영천,초,대부,영천시 고경면 도암리 147
경북,청계초,1993,영천,초,매각,영천시 고경면 파계리 336
경북,청남초등학교,1995,영양,초,매각,영양군 청기면 저리 157-2
경북,청남초등학교구매분교장,1993,영양,초,미활용,영양군 청기면 구매리 48
경북,청도동부초등학교,1995,청도,초,대부,청도군 청도읍 원리 412
경북,청동초등학교,2011,상주,초,매각,상주시 청리면 덕산리 312
경북,청로초,1995,의성,초,매각,의성군 금성면 청로리 1022-2
경북,청북초 행화분교장,1993,영양,초,매각,영양군 청기면 행화리 351-2
경북,청운초등학교,1996,청송,초,대부,청송군 청송읍 청운리 996 외 5필지
경북,청하초등학교서정분교장,1997,포항,초,대부,포항시 북구 청하면 서정리 685
경북,청하초등학교청하남부분교장,2016,포항,초,대부,포항시 북구 청하면 소동리 768-1
경북,청화초 도장분교,1993,문경,초,매각,문경시 농암면 내서리 353
경북,초전초등학교봉소분교장,2024,성주,초,미활용,성주군 초전면 용봉리
경북,축산초등학교 성호분교,1997,영덕,초,매각,영덕군 축산면 칠성리 192
경북,축산초등학교 화천분교,1994,영덕,초,매각,영덕군 영덕읍 화천리 137
경북,축산항초등학교경정분교장,2023,영덕,초,미활용,영덕군 축산면 경정리 234
경북,춘산중,2013,의성,중,매각,의성군 춘산면 옥정리 405
경북,춘산초금오분교장,1996,의성,초,매각,의성군 춘산면 금오리 392
경북,춘산초효선분교장,2013,의성,초,매각,의성군 춘산면 사미리 332
경북,춘양초등학교눌산분교장,2009,봉화,초,매각,봉화군 법전면 눌산리 1134-2
경북,칠곡초,2008,청도,초,매각,청도군 이서면 양원리 129-5
경북,칠포초등학교,1996,포항,초,매각,포항시 북구 흥해읍 칠포리 619
경북,태하초학포분교장,1999,울릉,초,매각,울릉군 서면 태하리 420
경북,태화초 신암분교,1999,김천,초,매각,김천시 봉산면 신암리 132
경북,태화초등학교광천분교장,1997,김천,초,대부,김천시 봉산면 광천리 520-4
경북,파천초 중평분교장,1995,청송,초,매각,청송군 파천면 중평리 507-2
경북,평온초등학교,1998,상주,초,매각,상주시 화남면 평온리 431
경북,평온초등학교중눌분교장,1998,상주,초,매각,상주시 화남면 중눌리 574
경북,평은초 고현분교,1992,영주,초,매각,영주시 평은면 오운리 789
경북,평은초 내명분교,1995,영주,초,매각,영주시 평은면 천본리 1025
경북,평은초 오운분교,1998,영주,초,매각,영주시 평은면 오운리 1495
경북,평은초 용혈분교,2007,영주,초,매각,영주시 평은면 용혈리 474
경북,평은초등학교영은분교장,1995,영주,초,자체활용,영주시 평은면 평은리 1110-1
경북,평해여자중학교,2019,울진,중,자체활용,울진군 평해읍 평해리 413
경북,평해초해동분교장,1999,울진,초,매각,울진군 평해읍 직산리 219
경북,포항중앙초등학교,2017,포항,초,매각,포항시 남구 동빈1가
경북,풍각남부초등학교,1994,청도,초,대부,청도군 풍각면 차산리 184-1
경북,풍각중각북분교,2018,청도,중,매각,청도군 각북면 남산리 248
경북,풍각초등학교서부분교장,2000,청도,초,대부,청도군 풍각면 안산리 585
경북,풍각초성곡분교,1995,청도,초,매각,청도군 풍각면 성곡리 497
경북,풍기북부초 삼가분교,1996,영주,초,매각,영주시 풍기읍 삼가리 86-1
경북,풍남초등학교,1991,안동,초,매각,안동시 풍천면 하회리 690
경북,풍동초등학교,1999,안동,초,미활용,안동시 풍산읍 회곡리 696
경북,풍산초등학교 안양분교장,2006,안동,초,매각,안동시 풍산읍 신양리 448 
경북,풍서초등학교,2016,안동,초,대부,안동시 풍천면 가곡리 595
경북,풍양고등학교,2017,예천,고,자체활용,예천군 풍양면 낙상리 253
경북,풍양초 삼강분교,1994,예천,초,매각,예천군 풍양면 삼강리 269
경북,풍양초 우망분교,1996,예천,초,매각,예천군 풍양면 우망리 548-2
경북,풍천중학교,2016,안동,중,자체활용,안동시 풍천면 도양리 106-1
경북,풍천초,1996,예천,초,매각,예천군 풍양면 괴당리 208
경북,풍천초등학교,2016,안동,초,대부,안동시 풍천면 구담리 544-2
경북,하눌초등학교,1995,봉화,초,매각,봉화군 상운면 하눌리 852-1
경북,하양초등학교화성분교장,2022,경산,초,자체활용,경산시 하양읍 환상리 75-1
경북,학남초등학교,1997,안동,초,매각,안동시 서후면 저전리 439-1
경북,함창초등학교숭덕분교장,2014,상주,초,매각,상주시 이안면 이안리 270
경북,함창초등학교영동분교장,2007,상주,초,매각,상주시 함창읍 태봉리 300
경북,해평초등학교괴곡분교장,1995,구미,초,자체활용,구미시 해평면 괴곡리 351
경북,해평초등학교일선분교장,2008,구미,초,자체활용,구미시 해평면 낙산리 598-1
경북,해평초등학교향산분교장,2013,구미,초,미활용,구미시 해평면 산양리 57-1
경북,향석초,2003,예천,초,매각,예천군 용궁면 향석리 158-2
경북,현남초 백자분교장,1994,청송,초,매각,청송군 현서면 백자리 113-1
경북,현남초등학교,1997,청송,초,대부,청송군 안덕면 덕성리 217-2
경북,호당초,1998,영천,초,매각,영천시 청통면 호당리 436
경북,화남초,2007,예천,초,매각,예천군 유천면 중평리 18
경북,화남초등학교,1995,안동,초,대부,안동시 풍천면 어담리 239
경북,화남초등학교죽곡분교장,1995,영천,초,대부,영천시 화남면 죽곡리 650-2
경북,화달초등학교,2007,상주,초,매각,상주시 사벌면 삼덕리 761
경북,화동초,2000,예천,초,매각,예천군 유천면 가리 272
경북,화동초등학교팔음분교장,2003,상주,초,매각,상주시 화동면 양지리 148
경북,화령초등학교사산분교장,1994,상주,초,대부,상주시 화서면 사산리 63
경북,화령초등학교송계분교장,2012,상주,초,매각,상주시 화서면 하송리 58
경북,화매초 삼의분교장,1993,영양,초,매각,영양군 석보면 삼의리 63-1
경북,화매초 택전분교장,1991,영양,초,매각,영양군 석보면 택전리 366
경북,화매초등학교,1995,영양,초,매각,영양군 석보면 화매리 561-3
경북,화목초 수락분교장,1995,청송,초,매각,청송군 현서면 수락리 486-1
경북,화북초등학교,1994,안동,초,매각,안동시 북후면 오산리 119-1
경북,화산초 가상분교,1999,영천,초,매각,영천시 화산면 가상리 649
경북,화천초 무창분교장,1995,영양,초,매각,영양군 영양읍 무창리 593-4
경북,화천초등학교,1995,영양,초,매각,영양군 영양읍 화천리 763
경북,회천초,1982,고령,초,매각,고령군 우곡면 야정리 900
경북,효선초빙계분교장,1983,의성,초,매각,의성군 춘산면 빙계리 452-1
경북,후평초,1998,의성,초,매각,의성군 단촌면 후평리 137-3
경북,후평초구계분교장,1996,의성,초,매각,의성군 단촌면 구계리 767-3
경북,흥해초등학교남송분교장,1994,포항,초,매각,포항시 북구 흥해읍 남송리 217
