region,school_name,closure_year,local_office,school_level,utilization_status,address,years_since_closure,closure_risk_index,risk_level
jeju,신도초보흥분교장,1983,해당없음,초,미활용,서귀포시 대정읍 신도리 2595-2,42,1.0,매우 높음
gyeongnam,외암초등학교별천분교장,1989,함안,초,미활용,함안군 여항면 주동리 352,36,0.921311475409836,매우 높음
gangwon,봉양초 덕산분교장,1990,정선,초,미활용,정선군 정선읍  덕우리 27 ,35,0.9081967213114753,매우 높음
gyeonggi,대동초 선감분교장,1990,안산,초,미활용,안산시 단원구 선감동 667-2,35,0.9081967213114753,매우 높음
gyeonggi,냉정초,1990,포천,초,미활용,포천시 관인면 냉정리 339,35,0.9081967213114753,매우 높음
chunbook,성암초 연곡분교장,1991,진천,초,미활용,진천군 진천읍 연곡리 191-1,34,0.8950819672131151,매우 높음
gyeongbook,부남초등학교중기분교장,1991,청송,초,미활용,청송군 청송읍 중기리 610-2,34,0.8950819672131151,매우 높음
jeonnam,초도초광도분교장,1991,여수,초,미활용,여수 삼산면 손죽리 산54,34,0.8950819672131151,매우 높음
jeonnam,다도초덕림분교장,1991,나주,초,미활용,나주 다도면 덕림리 536,34,0.8950819672131151,매우 높음
chunbook,미원중 운암분교장,1991,청주,초,미활용,청주시 상당구 미원면 운암리 593,34,0.8950819672131151,매우 높음
gyeongnam,산수초등학교,1991,거창,초,미활용,거창군 신원면 덕산리 714-1,34,0.8950819672131151,매우 높음
gyeonggi,가납초 현암분교장,1991,동두천양주,초,미활용,양주시 광적면 비암리 231-4,34,0.8950819672131151,매우 높음
jeju,추자초횡간분교장,1991,해당없음,초,미활용,제주시 추자면 대서리 산68,34,0.8950819672131151,매우 높음
jeonnam,강진서초영파분교장,1991,강진,초,미활용,강진 강진읍 영파리 565,34,0.8950819672131151,매우 높음
gangwon,여량초 자개분교장,1991,정선,초,미활용,정선군 여량면 구절리 377-1,34,0.8950819672131151,매우 높음
gyeonggi,유양초 천성분교장,1991,동두천양주,초,미활용,양주시 유양동 유양동 725,34,0.8950819672131151,매우 높음
gyeongnam,신흥초등학교,1992,하동,초,미활용,하동군 북천면 사평리 491-2,33,0.8819672131147543,매우 높음
gyeongnam,유림초등학교화남분교장,1992,함양,초,미활용,함양군 유림면 손곡리 280,33,0.8819672131147543,매우 높음
gyeongnam,양보초등학교우복분교장,1992,하동,초,미활용,하동군 양보면 우복리 367-1,33,0.8819672131147543,매우 높음
gyeongbook,용성초등학교구룡분교장,1992,경산,초,미활용,경산시 용성면 매남리 158,33,0.8819672131147543,매우 높음
gyeongnam,용현초등학교,1992,거창,초,미활용,거창군 신원면 대현리 86-1,33,0.8819672131147543,매우 높음
jeonbook,선유도초 명도분교장,1992,군산,초,미활용,군산시 옥도면 말도리 73-3,33,0.8819672131147543,매우 높음
jeonbook,선유도초 방축분교장,1992,군산,초,미활용,군산시 옥도면 말도리 125-5,33,0.8819672131147543,매우 높음
chunbook,회남초 분저분교장,1992,보은,초,미활용,보은군 회남면 분저리 71,33,0.8819672131147543,매우 높음
jeonbook,위도초 거륜분교,1992,부안,초,미활용,부안군 위도면 거륜리 산2-1,33,0.8819672131147543,매우 높음
jeonbook,위도초 상왕분교,1992,부안,초,미활용,부안군 위도면 상왕등리 산143,33,0.8819672131147543,매우 높음
jeonbook,위도초 하왕분교,1992,부안,초,미활용,부안군 위도면 하왕등리 산71,33,0.8819672131147543,매우 높음
chunbook,문의초 구룡분교장,1992,청주,초,미활용,청주시 상당구 문의면 구룡리 338,33,0.8819672131147543,매우 높음
jeonnam,금정초한대분교장,1992,영암,초,미활용,영암 영암읍 한대리 2,33,0.8819672131147543,매우 높음
gyeongnam,진교초등학교고이분교장,1992,하동,초,미활용,하동군 진교면 고이리 457-1,33,0.8819672131147543,매우 높음
jeonnam,화태초소두라분교장,1992,여수,초,미활용,여수 남면 두라리 41,33,0.8819672131147543,매우 높음
jeonnam,토지초외곡분교장,1992,구례,초,미활용,구례 토지면 외곡리 543,33,0.8819672131147543,매우 높음
jeonnam,황전초평죽분교장,1992,순천,초,미활용,순천 황전면 평촌리 산193-1,33,0.8819672131147543,매우 높음
jeju,창천초상천분교장,1992,해당없음,초,미활용,서귀포시 안덕면 상천리 470-2,33,0.8819672131147543,매우 높음
jeonnam,소라중앙초등학교,1992,여수,초,미활용,여수 소라면 봉두리 662,33,0.8819672131147543,매우 높음
gangwon,벽탄초 마항분교장,1981,정선,초,대부,정선군 정선읍 회동리 819,44,0.8786885245901642,매우 높음
chunbook,(구)북암초,1981,보은,초,대부,보은군 속리산면 북암리 318,44,0.8786885245901642,매우 높음
gangwon,인제초 군량분교장,1993,인제,초,미활용,인제군 인제읍 귀둔리 984-1,32,0.8688524590163936,매우 높음
chunbook,어상천초연곡분교장,1993,단양,초,미활용,단양군 어상천면  연곡리 631,32,0.8688524590163936,매우 높음
ulsan,미호분교,1993,강남,초,미활용,울주군 두서면 미호리 610,32,0.8688524590163936,매우 높음
gyeongnam,삼덕초등학교,1993,고성,초,미활용,고성군 회화면 삼덕리 1397-3,32,0.8688524590163936,매우 높음
chunbook,남당초 삼선분교장,1993,제천,초,미활용,제천시 봉양읍 삼거리 538,32,0.8688524590163936,매우 높음
gangwon,남평초 문곡분교장,1993,정선,초,미활용,정선군 남면  문곡리 265-1 ,32,0.8688524590163936,매우 높음
gyeongbook,대보초등학교강사분교장,1993,포항,초,미활용,포항시 남구 호미곶면 강사리 491,32,0.8688524590163936,매우 높음
gyeongbook,석계초등학교,1993,영천,초,미활용,영천시 고경면 석계리 5-2,32,0.8688524590163936,매우 높음
gyeongbook,월곡초등학교동계분교장,1993,안동,초,미활용,안동시 예안면 태곡리 688,32,0.8688524590163936,매우 높음
gyeongbook,청남초등학교구매분교장,1993,영양,초,미활용,영양군 청기면 구매리 48,32,0.8688524590163936,매우 높음
gangwon,모곡초 동막분교장,1993,홍천,초,미활용,홍천군 서면 동막리 473-1,32,0.8688524590163936,매우 높음
gyeongnam,남상초등학교임불분교장,1994,거창,초,미활용,거창군 남상면 임불리 1107,31,0.8557377049180331,매우 높음
gangwon,화계초 화양분교장,1994,홍천,초,미활용,홍천군 북방면 굴지리 243-2,31,0.8557377049180331,매우 높음
gyeonggi,신산초 영장분교장,1994,파주,초,미활용,파주시 광탄면 영장리 256-1,31,0.8557377049180331,매우 높음
gangwon,쌍룡초 후탄분교장,1994,영월,초,미활용,영월군 한반도면 후탄리 911,31,0.8557377049180331,매우 높음
gyeonggi,마산초 어도분교장,1994,화성오산,초,미활용,화성시 송산면 고포리 826-1,31,0.8557377049180331,매우 높음
gyeonggi,청평초 회곡분교장,1994,가평,초,미활용,가평군 설악면 회곡리 528,31,0.8557377049180331,매우 높음
gangwon,연상초 화라분교장,1994,영월,초,미활용,영월군 산솔면 화원리 441-1,31,0.8557377049180331,매우 높음
jeonnam,노동초금호분교장,1994,보성,초,미활용,보성 노동면 금호리 598,31,0.8557377049180331,매우 높음
gyeongnam,금호초등학교,1994,산청,초,미활용,산청군 차황면 실매리 183,31,0.8557377049180331,매우 높음
gyeongnam,정동초등학교신월분교장,1994,사천,초,미활용,사천시 정동면 소곡리 423,31,0.8557377049180331,매우 높음
gyeongnam,도성초등학교,1994,합천,초,미활용,합천군 가회면 도탄리 1078,31,0.8557377049180331,매우 높음
jeonnam,화계초여주분교장,1994,고흥,초,미활용,고흥 점암면 여호리 244,31,0.8557377049180331,매우 높음
jeonnam,겸백초은덕분교장,1994,보성,초,미활용,보성 겸백면 은덕리 19,31,0.8557377049180331,매우 높음
gyeongnam,박달초등학교,1994,하동,초,미활용,하동군 양보면 박달리 548-3,31,0.8557377049180331,매우 높음
gyeongbook,운수초등학교화암분교장,1994,고령,초,미활용,고령군 운수면 화암리 1163,31,0.8557377049180331,매우 높음
jeonnam,동산초판교분교장,1994,순천,초,미활용,순천 서면 판교리 303,31,0.8557377049180331,매우 높음
gyeongnam,반성초등학교남산분교장,1994,진주,초,미활용,진주시 일반성면 남산리 452-2,31,0.8557377049180331,매우 높음
gangwon,계촌초 방의분교장,1994,평창,초,미활용,평창군 방림면 계촌리 2290,31,0.8557377049180331,매우 높음
jeonnam,아산초노치분교장,1994,화순,초,미활용,화순 백아면 노치리 272,31,0.8557377049180331,매우 높음
gyeongnam,농산초등학교,1983,거창,초,대부,거창군 고제면 궁항리 1181,42,0.8524590163934428,매우 높음
incheon,용유초을왕분교,1976,남부,초,자체활용,인천광역시 중구 을왕동 을왕동 762-1,49,0.8459016393442625,매우 높음
jeonnam,석곡초염곡분교장,1995,곡성,초,미활용,곡성 석곡면 염곡리 1033,30,0.8426229508196724,매우 높음
chunbook,관기초 적암분교장,1995,보은,초,미활용,보은군 마로면 적암리 149,30,0.8426229508196724,매우 높음
jeonnam,다시초국동분교장,1995,나주,초,미활용,나주 문평면 국동리 678,30,0.8426229508196724,매우 높음
jeonnam,사창초능성분교장,1995,장성,초,미활용,장성 삼계면 능성리 599-1,30,0.8426229508196724,매우 높음
jeonnam,만덕초용산분교장,1995,담양,초,미활용,담양 대덕면 갈전리 687,30,0.8426229508196724,매우 높음
gyeonggi,목동초 도대분교장,1995,가평,초,미활용,가평군 북면 도대리 139-4,30,0.8426229508196724,매우 높음
chunnam,임주초,1995,부여,초,미활용,부여군 임천면 구교리 521-1,30,0.8426229508196724,매우 높음
chunbook,백봉초 운곡분교장,1995,괴산증평,초,미활용,괴산군 청안면 운곡리 209-2,30,0.8426229508196724,매우 높음
gangwon,상창초 신흥분교장,1995,횡성,초,미활용,횡성군 공근면 어둔리 171-1,30,0.8426229508196724,매우 높음
gangwon,삼산초 소금강분교장,1995,강릉,초,미활용,강릉시 연곡면 삼산리 375,30,0.8426229508196724,매우 높음
gyeongbook,원림초등학교,1995,안동,초,미활용,안동시 남선면 원림리 358-3,30,0.8426229508196724,매우 높음
jeonnam,동면초옥호분교장,1995,화순,초,미활용,화순 동면 옥호리 338,30,0.8426229508196724,매우 높음
gangwon,문혜초 대곡분교장,1995,철원,초,미활용,철원군 갈말읍 문혜리 48-1,30,0.8426229508196724,매우 높음
chunbook,소수초 광신분교장,1995,괴산증평,초,미활용,괴산군 소수면 몽촌리 219,30,0.8426229508196724,매우 높음
chunbook,관기초 소여분교장,1995,보은,초,미활용,보은군 마로면 소여리 470-1,30,0.8426229508196724,매우 높음
daejeon,진잠초 방성분교장,1995,서부,초,미활용,유성구 성북동 188-1,30,0.8426229508196724,매우 높음
gangwon,강림초 월현분교장,1995,횡성,초,미활용,횡성군 강림면 월현리 1314,30,0.8426229508196724,매우 높음
jeju,용수초등학교,1995,해당없음,초,미활용,제주시 한경면 용수리 3533,30,0.8426229508196724,매우 높음
jeju,영락초등학교,1995,해당없음,초,미활용,서귀포시 대정읍 영락리 1278,30,0.8426229508196724,매우 높음
jeju,신산초난산분교장,1995,해당없음,초,미활용,서귀포시 성산읍 난산리 1109,30,0.8426229508196724,매우 높음
gangwon,문곡초 덕상분교장,1996,영월,초,미활용,영월군 북면 덕상리 275-2,29,0.8295081967213117,매우 높음
jeonnam,아산초송방분교장,1996,화순,초,미활용,화순 백아면 방리 385,29,0.8295081967213117,매우 높음
gangwon,신림초 성림분교장,1996,원주,초,미활용,원주시 신림면 성남리 527,29,0.8295081967213117,매우 높음
gyeongbook,이가초등학교,1996,포항,초,미활용,포항시 북구 청하면 이가리 138,29,0.8295081967213117,매우 높음
gyeongnam,명사초등학교여차분교장,1996,거제,초,미활용,거제시 남부면 다포리 39,29,0.8295081967213117,매우 높음
gangwon,사천초 사기막분교장,1996,강릉,초,미활용,강릉시 사천면 사기막리 534-2,29,0.8295081967213117,매우 높음
chunbook,노은초 수룡분교장,1996,충주,초,미활용,충주시 노은면 수룡리 554-1,29,0.8295081967213117,매우 높음
gyeongnam,장목초등학교황포분교장,1996,거제,초,미활용,거제시 장목면 구영리 735,29,0.8295081967213117,매우 높음
jeonnam,청풍초신석분교장,1996,화순,초,미활용,화순 청풍면 신석리 457,29,0.8295081967213117,매우 높음
chunbook,괴산명덕초 제월분교장,1996,괴산증평,초,미활용,괴산군 괴산읍 제월리 289,29,0.8295081967213117,매우 높음
gangwon,화동초 덕수분교장,1970,정선교육지원청,초,매각,정선군 화암면 석곡리 598,55,0.8262295081967216,매우 높음
gyeongbook,물야초등학교오전분교장,1997,봉화,초,미활용,봉화군 물야면 오전리 869-2 외 2필지,28,0.816393442622951,매우 높음
gangwon,삼포초 당무분교장,1997,홍천,초,미활용,홍천군 화촌면 군업리 1128,28,0.816393442622951,매우 높음
gangwon,수항초등학교,1997,평창,초,미활용,평창군 진부면 수항리 278-3,28,0.816393442622951,매우 높음
chunnam,양촌초 장원분교장,1997,논산계룡,초,미활용,논산시 양촌면 산직리 566-2,28,0.816393442622951,매우 높음
jeonnam,화순초수만분교장,1997,화순,초,미활용,화순 화순읍 수만리 75,28,0.816393442622951,매우 높음
gyeongbook,부상초등학교,1997,김천,초,미활용,김천시 남면 부상리 564,28,0.816393442622951,매우 높음
gyeongbook,신동초등학교연화분교장,1997,칠곡,초,미활용,칠곡군 지천면 연화리 513-4,28,0.816393442622951,매우 높음
gangwon,남산초 삼창분교장,1997,홍천,초,미활용,홍천군 홍천읍 삼마치리 174-1,28,0.816393442622951,매우 높음
jeonnam,동강초매곡분교장,1997,고흥,초,미활용,고흥 동강면 매곡리 413,28,0.816393442622951,매우 높음
daejeon,대동초,1997,서부,초,미활용,대덕구 대동 323,28,0.816393442622951,매우 높음
gangwon,벽탄초 비룡분교장,1997,정선,초,미활용,정선군 정선읍  용탄리 207 ,28,0.816393442622951,매우 높음
jeonnam,장암초등학교,1998,보성,초,미활용,보성 벌교읍 장암리 710-1,27,0.8032786885245903,매우 높음
gyeongnam,영오초등학교영동분교장,1998,고성,초,미활용,고성군 영오면 연당리 705,27,0.8032786885245903,매우 높음
jeju,신도초등학교,1998,해당없음,초,미활용,서귀포시 대정읍 신도리 1382-1,27,0.8032786885245903,매우 높음
gangwon,미로초 동산분교장,1998,삼척,초,미활용,삼척시 미로면 동산리 49-1,27,0.8032786885245903,매우 높음
gyeongnam,봉산초등학교오남분교장,1998,합천,초,미활용,합천군 봉산면 권빈리 639,27,0.8032786885245903,매우 높음
gyeongnam,대곡초등학교마진분교장,1998,진주,초,미활용,진주시 대곡면 마진리 195,27,0.8032786885245903,매우 높음
gyeongnam,하청초등학교덕곡분교장,1998,거제,초,미활용,거제시 하청면 덕곡리 579,27,0.8032786885245903,매우 높음
gyeongnam,산양초등학교오비분교장,1998,통영,초,미활용,통영시 산양읍 풍화리 1914-2,27,0.8032786885245903,매우 높음
gyeongnam,산양초등학교미남분교장,1998,통영,초,미활용,통영시 산양읍 미남리 401,27,0.8032786885245903,매우 높음
gyeongnam,한산초등학교좌도분교장,1998,통영,초,미활용,통영시 한산면 창좌리 174-1,27,0.8032786885245903,매우 높음
gyeongnam,회화초등학교동창분교장,1998,고성,초,미활용,고성군 회화면 어신리 937-1,27,0.8032786885245903,매우 높음
chunbook,청성초 화성분교장,1999,옥천,초,미활용,옥천군 청성면 화성리 295-1,26,0.7901639344262298,높음
incheon,마리산초교,1999,강화,초,미활용,인천광역시 강화군 화도면 덕포리 1212,26,0.7901639344262298,높음
gyeonggi,동두천초 걸산분교장,1999,동두천양주,초,미활용,동두천시 걸산동 50-8,26,0.7901639344262298,높음
gyeongnam,봉산초등학교옥계분교장,1999,합천,초,미활용,합천군 봉산면 노곡리 918-2,26,0.7901639344262298,높음
gangwon,연곡초 삼산분교장,1999,강릉,초,미활용,강릉시 연곡면 삼산리 739,26,0.7901639344262298,높음
gyeongnam,반동초등학교원전분교장,1999,창원,초,미활용,창원시 마산합포구 구산면 심리 181-3,26,0.7901639344262298,높음
gangwon,비봉초 군량분교장,1999,양구,초,미활용,양구군 양구읍 군량리 450,26,0.7901639344262298,높음
chunbook,동량초 서운분교장,1999,충주,초,미활용,충주시 동량면 서운리 155,26,0.7901639344262298,높음
chunbook,생극초 관성분교장,1999,음성,초,미활용,음성군 생극면 관성리 13-1,26,0.7901639344262298,높음
gyeongnam,반동초등학교욱곡분교장,1999,창원,초,미활용,창원시 마산합포구 구산면 내포리 964-1,26,0.7901639344262298,높음
chunbook,용산초,1999,영동,초,미활용,영동군 용산면 한곡리 206-2,26,0.7901639344262298,높음
chunbook,유덕초,1999,제천,초,미활용,제천시 덕산면 신현리606,26,0.7901639344262298,높음
gyeongnam,금진초등학교,1999,사천,초,미활용,사천시 서포면 금진리 438,26,0.7901639344262298,높음
chunnam,탄천초 가척분교장,1999,공주,초,미활용,공주시 탄천면 가척리 491,26,0.7901639344262298,높음
chunnam,광시초,1999,예산,초,미활용,예산군 광시면 신대리 197,26,0.7901639344262298,높음
chunnam,장신초,1999,예산,초,미활용,예산군 광시면 서초정리 490,26,0.7901639344262298,높음
chunnam,삼포초,1999,서산,초,미활용,서산시 고북면 봉생리 101-2,26,0.7901639344262298,높음
gyeongnam,동해초등학교대동분교장,1999,고성,초,미활용,고성군 동해면 용정리 440,26,0.7901639344262298,높음
gyeongnam,동부초등학교가배분교장,1999,거제,초,미활용,거제시 동부면 가배리 374,26,0.7901639344262298,높음
gyeongnam,거류초등학교대장분교장,1999,고성,초,미활용,고성군 동해면 장좌리 756-2,26,0.7901639344262298,높음
ulsan,삼광분교,1999,강남,초,미활용,울주군 온양읍 삼광리 657-1,26,0.7901639344262298,높음
gyeongnam,대암초등학교,1999,진주,초,미활용,진주시 집현면 대암리 417,26,0.7901639344262298,높음
gyeongnam,남명초등학교평산분교장,1999,남해,초,미활용,남해군 남면 평산리 1446,26,0.7901639344262298,높음
chunnam,고남초 영항분교장,1999,태안,초,미활용,태안군 고남면 고남리 96-4,26,0.7901639344262298,높음
gyeongnam,미조초등학교호도분교장,1999,남해,초,미활용,남해군 미조면 미조리 1160,26,0.7901639344262298,높음
jeonnam,금성초등학교,1999,여수,초,미활용,여수 돌산읍 금성리 475,26,0.7901639344262298,높음
gyeongnam,삼성초등학교가천분교장,1999,사천,초,미활용,사천시 사남면 가천리 84,26,0.7901639344262298,높음
gyeongnam,초전초등학교,1999,사천,초,미활용,사천시 사남면 초전리 551-1,26,0.7901639344262298,높음
jeonnam,군서북초등학교,1999,영암,초,미활용,영암 군서면 해창리 494-2,26,0.7901639344262298,높음
jeonnam,금정초청룡분교장,1999,영암,초,미활용,영암 금정면 청용리 899,26,0.7901639344262298,높음
jeonnam,고서초주산분교장,1999,담양,초,미활용,담양 고서면 주산리 516,26,0.7901639344262298,높음
gyeongbook,풍동초등학교,1999,안동,초,미활용,안동시 풍산읍 회곡리 696,26,0.7901639344262298,높음
jeonnam,노동초학동분교장,1999,보성,초,미활용,보성 노동면 학동리 501,26,0.7901639344262298,높음
jeonnam,다시남초등학교,1999,나주,초,미활용,나주 다시면 문동리 654,26,0.7901639344262298,높음
jeonnam,동복초가수분교장,1999,화순,초,미활용,화순 동복면 가수리 861,26,0.7901639344262298,높음
gyeongbook,명주초등학교,1999,영천,초,미활용,영천시 북안면 명주리 307-1,26,0.7901639344262298,높음
gyeongbook,구천초등학교용호분교장,1999,의성,초,미활용,의성군 구천면 용사리 361-1,26,0.7901639344262298,높음
gyeongbook,고양초등학교,1999,봉화,초,미활용,봉화군 명호면 양곡리 329-1 외 1필지,26,0.7901639344262298,높음
gangwon,다수초등학교,1999,평창,초,미활용,평창군 평창읍  다수리 304 ,26,0.7901639344262298,높음
gyeongnam,삼오초등학교,1999,고성,초,미활용,고성군 삼산면 장치리 328,26,0.7901639344262298,높음
gyeongnam,팔령초등학교,1999,함양,초,미활용,함양군 함양읍 구룡리 730-2,26,0.7901639344262298,높음
jeonnam,일로초지감분교장,1999,무안,초,미활용,무안 일로읍 감돈리 299,26,0.7901639344262298,높음
gyeongnam,서포초등학교자혜분교장,1999,사천,초,미활용,사천시 서포면 자혜리 519,26,0.7901639344262298,높음
gyeongnam,중리초등학교안평분교장,1999,창원,초,미활용,창원시 마산회원구 내서읍 평성리 23-2,26,0.7901639344262298,높음
gyeongnam,주상초등학교보해분교장,1999,거창,초,미활용,거창군 주상면 남산리 245,26,0.7901639344262298,높음
gyeongnam,입석초등학교,1999,산청,초,미활용,산청군 단성면 입석리 1154-2,26,0.7901639344262298,높음
gyeongnam,율곡초등학교,1999,합천,초,미활용,합천군 율곡면 와리 384,26,0.7901639344262298,높음
gyeongnam,월령초등학교,1999,창녕,초,미활용,창녕군 영산면 월령리 995-1,26,0.7901639344262298,높음
gyeongnam,운암초등학교,1999,하동,초,미활용,하동군 양보면 운암리 251,26,0.7901639344262298,높음
gyeongnam,양포초등학교,1999,하동,초,미활용,하동군 진교면 양포리 111-1,26,0.7901639344262298,높음
gyeongnam,상동초등학교,1999,고성,초,미활용,고성군 상리면 망림리 528-4,26,0.7901639344262298,높음
gyeongnam,성남초등학교,1999,남해,초,미활용,남해군 이동면 화계리 302,26,0.7901639344262298,높음
gyeongnam,진전초등학교낙동분교장,1999,창원,초,미활용,창원시 마산합포구 진전면 시락리 218,26,0.7901639344262298,높음
gangwon,반계초 대둔분교장,1999,원주,초,미활용,원주시 문막읍 대둔리 31,26,0.7901639344262298,높음
gyeongnam,서촌초등학교,1999,함안,초,미활용,함안군 대산면 서촌리 231,26,0.7901639344262298,높음
jeonnam,조도초 맹골분교장,2000,진도,초,미활용,진도 조도면 맹골도리 74-1,25,0.7770491803278691,높음
chunbook,미원초 용곡분교장,2000,청주,초,미활용,청주시 상당구 미원면 용곡리 287-1,25,0.7770491803278691,높음
chunbook,감곡초 상평분교장,2000,음성,초,미활용,음성군 감곡면 상평리 374-1,25,0.7770491803278691,높음
incheon,삼산초 서검분교,2000,강화,초,미활용,인천광역시 강화군 삼산면 서검도리 산52-1,25,0.7770491803278691,높음
gyeongbook,일직초등학교평촌분교장,2000,안동,초,미활용,안동시 일직면 명진리 313,25,0.7770491803278691,높음
gyeonggi,청운초 갈운분교장,2000,양평,초,미활용,양평군 청운면 갈운리 472,25,0.7770491803278691,높음
gyeonggi,가양초 비금분교장,1989,구리남양주,초,대부,남양주시 수동면 내방리 325-3,36,0.773770491803279,높음
gyeonggi,운암초,1982,포천,초,자체활용,포천시 영북면 운천리 334-3,43,0.7672131147540985,높음
jeju,하천초등학교,2001,해당없음,초,미활용,서귀포시 표선면 하천리 357-1,24,0.7639344262295084,높음
gyeonggi,양동초 삼산분교장,2001,양평,초,미활용,양평군 양동면 삼산리 632-11,24,0.7639344262295084,높음
incheon,길상초 선택분교,2001,강화,초,미활용,인천광역시 강화군 길상면 선두리 962-3,24,0.7639344262295084,높음
gyeongbook,신녕서부초등학교,2001,영천,초,미활용,영천시 신녕면 부산리 946-1,24,0.7639344262295084,높음
jeonnam,율촌초송도분교장,2001,여수,초,미활용,여수 율촌면 여동리 185,24,0.7639344262295084,높음
jeju,가시초등학교,2001,해당없음,초,미활용,서귀포시 표선면 가시리 1924,24,0.7639344262295084,높음
gangwon,임계초 성남분교장,1990,정선,초,대부,정선군 임계면 임계리 1300,35,0.7606557377049182,높음
chunbook,매포초기동분교장,1990,단양,초,대부,단양군 적성면 기동리 433-1,35,0.7606557377049182,높음
gangwon,간성초 선혜분교장,1990,고성,초,대부,고성군 간성읍 탑동2리 산142-1,35,0.7606557377049182,높음
gyeonggi,삼정초 금동분교장,1990,포천,초,대부,포천시 신북면 금동리 24-1,35,0.7606557377049182,높음
gyeongbook,경주초등학교학동분교장,2002,경주,초,미활용,경주시 내남면 비지리 545,23,0.7508196721311476,높음
gyeongnam,구)숭덕초등학교,2002,거제,초,미활용,거제시 둔덕면 술역리 28-3,23,0.7508196721311476,높음
gyeongbook,기계초등학교기서분교장,2002,포항,초,미활용,포항시 북구 기계면 가안리 14,23,0.7508196721311476,높음
gyeongbook,부석초등학교남대분교장,2002,영주,초,미활용,영주시 부석면 남대리 354,23,0.7508196721311476,높음
gyeongbook,임고초등학교금대분교장,2002,영천,초,미활용,영천시 임고면 금대리 446,23,0.7508196721311476,높음
gangwon,미로초 천기분교장,2002,삼척,초,미활용,삼척시 미로면 상정리 187,23,0.7508196721311476,높음
gyeonggi,연천왕산초 동중분교장,1991,연천,초,대부,연천군 왕징면 동중리 461-1,34,0.7475409836065575,높음
gangwon,양구초 서호분교장,1991,양구,초,대부,양구군 양구읍 상무룡1리 828,34,0.7475409836065575,높음
chunbook,용화초 자계분교장,1991,영동,초,대부,영동군 용화면 자계리 569,34,0.7475409836065575,높음
chunbook,단천초 두항분교장,1991,단양,초,대부,단양군 단성면 두항리 39,34,0.7475409836065575,높음
gyeongbook,송생초등학교,1991,청송,초,대부,청송군 청송읍 송생리 551-3 외 3필지,34,0.7475409836065575,높음
gyeonggi,전곡초 양원분교장,1991,연천,초,대부,연천군 전곡읍 양원리 560,34,0.7475409836065575,높음
gyeonggi,남사초 서촌분교장,1991,용인,초,대부,용인시 남사읍 통삼리 239-1외 2필지,34,0.7475409836065575,높음
gangwon,정선초 덕송분교장,1991,정선,초,대부,정선군 정선읍 덕송리 166,34,0.7475409836065575,높음
gangwon,장열초등학교,1991,정선,초,대부,정선군 북평면 장열리 247-2,34,0.7475409836065575,높음
gyeonggi,군남초 북삼분교장,1991,연천,초,대부,연천군 왕징면 북삼리 160,34,0.7475409836065575,높음
gyeongnam,충렬초등학교대평분교장,1991,통영,초,대부,통영시 평림동 495,34,0.7475409836065575,높음
chunbook,상촌초 대해분교장,1991,영동,초,대부,영동군 상촌면 대해리 698,34,0.7475409836065575,높음
gyeonggi,연천왕산초 마전분교장A,1991,연천,초,대부,연천군 미산면 동이리 596-1,34,0.7475409836065575,높음
gangwon,지정초 송암분교장,2003,원주,초,미활용,원주시 지정면 월송리 451,22,0.7377049180327869,높음
jeonbook,어청도초 연도분교,2003,군산,초,미활용,군산시 옥도면 연도리 37,22,0.7377049180327869,높음
gyeongnam,한산초등학교두억분교장,2003,통영,초,미활용,통영시 한산면 두억리 311-2,22,0.7377049180327869,높음
gyeonggi,송촌초 시우분교장,1992,구리남양주,초,대부,남양주시  조안면 시우리 122-20,33,0.7344262295081968,높음
gyeongnam,중유초등학교,1992,거창,초,대부,거창군 신원면 중유리 443-3,33,0.7344262295081968,높음
chunbook,산척초 명서분교장,1992,충주,초,대부,충주시 산척면 명서리 493-7,33,0.7344262295081968,높음
gyeonggi,비봉초 유포분교장,1992,화성오산,초,대부,화성시 비봉면 유포리 307,33,0.7344262295081968,높음
chunbook,금성초 중전분교장,1992,제천,초,대부,제천시 금성면 포전리 409-2,33,0.7344262295081968,높음
gyeongnam,오동초등학교,1992,산청,초,대부,산청군 신안면 청현리526,33,0.7344262295081968,높음
gyeonggi,관인초 사정분교장,1992,포천,초,대부,포천시 관인면 사정리 136-1,33,0.7344262295081968,높음
jeonnam,풍양초매곡분교장,1992,고흥,초,대부,고흥 풍양면 매곡리 638-11,33,0.7344262295081968,높음
jeju,장전초금덕분교장,1992,해당없음,초,대부,제주시 애월읍 유수암리 1387,33,0.7344262295081968,높음
chunbook,어상천초 덕문곡분교장,1992,단양,초,대부,단양군 영춘면  덕문곡리 171,33,0.7344262295081968,높음
gyeongnam,산양초등학교연명분교장,1992,통영,초,대부,통영시 산양읍 연화리 1124,33,0.7344262295081968,높음
gangwon,봉양초 여탄분교장,1992,정선,초,대부,정선군 정선읍 여탄리 317,33,0.7344262295081968,높음
jeju,보성초신평분교장,1992,해당없음,초,대부,서귀포시 대정읍 신평리 371-1,33,0.7344262295081968,높음
gangwon,마읍초 주지분교장,1992,삼척,초,대부,삼척시 노곡면  주지리 180,33,0.7344262295081968,높음
chunbook,두학초 자작분교장,1992,제천,초,대부,제천시 자작동 256-4,33,0.7344262295081968,높음
chunbook,대강초 올산분교장,1992,단양,초,대부,단양군 대강면 올산리 185,33,0.7344262295081968,높음
gyeongbook,이전초등학교부동분교장,1992,청송,초,대부,청송군 부동면 신점리 764-1 외 2필지,33,0.7344262295081968,높음
jeonnam,오곡초명성분교장,1992,곡성,초,대부,곡성 오곡면 구성리 221   ,33,0.7344262295081968,높음
chunbook,복성초,1992,충주,초,대부,충주시 앙성면 지당리 201-5,33,0.7344262295081968,높음
chunnam,만사초,1992,예산,초,대부,예산군 신양면 만사리 156-8,33,0.7344262295081968,높음
gyeongnam,진교초등학교월운분교장,1992,하동,초,대부,하동군 진교면 월운리 573-2,33,0.7344262295081968,높음
chunbook,산외초 산대분교장,1992,보은,초,대부,보은군 산외면 산대리 215,33,0.7344262295081968,높음
gyeongbook,박달초등학교,1992,경주,초,대부,경주시 내남면 박달리 153,33,0.7344262295081968,높음
jeonnam,대동향교초동암분교장,1992,함평,초,대부,함평 대동면 월송리 424   ,33,0.7344262295081968,높음
gyeongnam,진교초등학교안심분교장,1992,하동,초,대부,하동군 진교면 백련리 352-12,33,0.7344262295081968,높음
chunbook,덕산초 월악분교장,1992,제천,초,대부,제천시 덕산면 월악리596,33,0.7344262295081968,높음
jeonnam,영등초등학교,2004,보성,초,미활용,보성 벌교읍 영등리 726,21,0.7245901639344264,높음
jeonnam,조도초 소죽도분교장,2004,진도,초,미활용,진도 조도면 서거차도리 150,21,0.7245901639344264,높음
jeonnam,화원초화봉분교장,2004,해남,초,미활용,해남 화원면 화봉리 226,21,0.7245901639344264,높음
gyeongbook,의곡초등학교감산분교장,1993,경주,초,대부,경주시 산내면 감산리 1107-1,32,0.7213114754098361,높음
gyeongbook,죽장초등학교가사분교장,1993,포항,초,대부,포항시 북구 죽장면 가사리 380-1,32,0.7213114754098361,높음
gyeonggi,목동초 광악분교장,1993,가평,초,대부,가평군 북면 화악리 845,32,0.7213114754098361,높음
gyeongbook,의곡초등학교신원분교장,1993,경주,초,대부,경주시 산내면 신원리 222,32,0.7213114754098361,높음
gyeongbook,부남초등학교이현분교장,1993,청송,초,대부,청송군 부남면 이현리 726-1,32,0.7213114754098361,높음
chunbook,세성초 향산분교장,1993,충주,초,대부,충주시 살미면 향산리 379,32,0.7213114754098361,높음
chunbook,송학초 송한분교장,1993,제천,초,대부,제천시 송학면 송한리 543,32,0.7213114754098361,높음
chunbook,영동초 화신분교장,1993,영동,초,대부,영동군 영동읍 화신리 228-3,32,0.7213114754098361,높음
gyeongbook,수평초등학교,1993,문경,초,대부,문경시  동로면 수평리390,32,0.7213114754098361,높음
gyeongbook,수륜초등학교명륜분교장,1993,성주,초,대부,성주군 수륜면 송계리477,32,0.7213114754098361,높음
chunbook,청천초 대후분교장,1993,괴산증평,초,대부,괴산군 청천면 후영리 196-1,32,0.7213114754098361,높음
gyeongnam,(구)진주중앙중학교,1978,본청,중,자체활용,진주시 상평동 272-3,47,0.7213114754098361,높음
gyeongnam,가인초등학교,1993,밀양,초,대부,밀양시 산내면 가인리 539-1,32,0.7213114754098361,높음
gyeongnam,횡천초등학교전대분교장,1993,하동,초,대부,하동군 횡천면 전대리 508,32,0.7213114754098361,높음
daegu,오천초,1993,군위,초,대부,군위군 효령면 오천리 164-3,32,0.7213114754098361,높음
gyeongnam,청암초등학교상이분교장,1993,하동,초,대부,하동군 청암면 상이리 118,32,0.7213114754098361,높음
gyeongnam,입석초등학교운리분교장,1993,산청,초,대부,산청군 단성면 운리515,32,0.7213114754098361,높음
gyeongnam,상동초등학교안인분교장,1993,밀양,초,대부,밀양시 상동면 안인리 297-1,32,0.7213114754098361,높음
jeju,명월초등학교,1993,해당없음,초,대부,제주시 한림읍 명월리 1734,32,0.7213114754098361,높음
gyeongnam,사봉초등학교부계분교장,1993,진주,초,대부,진주시 사봉면 부계리 1159,32,0.7213114754098361,높음
gangwon,원당초 생둔분교장,1993,홍천,초,대부,홍천군 내면 율전리 221-4,32,0.7213114754098361,높음
gangwon,옥동초 각동분교장,1993,영월,초,대부,영월군   김삿갓면  각동리 18-1,32,0.7213114754098361,높음
gangwon,왕산초 송현분교장,1993,강릉,초,대부,강릉시 왕산면 송현리 138-1,32,0.7213114754098361,높음
gangwon,지정초 안창분교장,1993,원주,초,대부,원주시 지정면 안창리 81,32,0.7213114754098361,높음
gangwon,옥동초 대야분교장,1993,영월,초,대부,영월군   김삿갓면  대야리 764,32,0.7213114754098361,높음
jeonnam,손불초용암분교장,2005,함평,초,미활용,함평 손불면 죽암리 709,20,0.7114754098360657,높음
gangwon,광덕초,2005,양구,초,미활용,양구군 남면  적리 447-9 ,20,0.7114754098360657,높음
jeonnam,돌산초대신분교장,2005,여수,초,미활용,여수 돌산읍 신복리 730,20,0.7114754098360657,높음
gyeongnam,계창초등학교옥천분교장,1994,창녕,초,대부,창녕군 창녕읍 옥천리 711,31,0.7081967213114756,높음
gangwon,노천초 화방분교장,1994,홍천,초,대부,홍천군 동면 노천리 623-1,31,0.7081967213114756,높음
gyeonggi,강남초,1994,양평,초,대부,양평군 강하면 동오리 178-1,31,0.7081967213114756,높음
gyeonggi,고삼초 고동분교장,1994,안성,초,대부,안성시 고삼면 쌍지리 769-2,31,0.7081967213114756,높음
gangwon,속초초 신봉분교장,1994,홍천,초,대부,홍천군 동면 신봉리 211-1,31,0.7081967213114756,높음
chunnam,안흥초 흑도분교장,1979,태안,초,매각,태안군 근흥면 가의도리 산35-2,46,0.7081967213114756,높음
chunbook,양산초천태분교장,1994,영동,초,대부,영동군 양산면 호탄리 708-1,31,0.7081967213114756,높음
gyeongbook,풍각남부초등학교,1994,청도,초,대부,청도군 풍각면 차산리 184-1,31,0.7081967213114756,높음
gyeongbook,옥대초등학교단산분교장,1994,영주,초,대부,영주시 부석면 병산리 343,31,0.7081967213114756,높음
daegu,평광초,1994,동부,초,대부,동구 평광동 1096,31,0.7081967213114756,높음
gyeongnam,내공초등학교,1994,산청,초,대부,산청군 시천면 내공리627-2,31,0.7081967213114756,높음
gyeongbook,산제초등학교,1994,의성,초,대부,의성군 비안면 화신리 145-1,31,0.7081967213114756,높음
gyeongbook,왕산초등학교,1994,경주,초,대부,경주시 암곡동 389,31,0.7081967213114756,높음
gyeongbook,화령초등학교사산분교장,1994,상주,초,대부,상주시 화서면 사산리 63,31,0.7081967213114756,높음
gangwon,서원초 옥인분교장,1994,횡성,초,대부,횡성군 서원면 옥계리 488,31,0.7081967213114756,높음
gangwon,창원초등학교,1994,영월,초,대부,영월군   남면  창원리 887-5,31,0.7081967213114756,높음
gangwon,창촌초 원자분교장,1994,홍천,초,대부,홍천군 내면 자운리 1171-3,31,0.7081967213114756,높음
gyeonggi,상색초 두밀분교장,1994,가평,초,대부,가평군 가평읍 두밀리 11-2,31,0.7081967213114756,높음
gangwon,남선초 자미분교장,1994,정선,초,대부,정선군 남면 문곡리 265-1,31,0.7081967213114756,높음
gyeongbook,상주초등학교남장분교장,1994,상주,초,대부,상주시 남장동 229-1,31,0.7081967213114756,높음
gyeongbook,모서초등학교호명분교장,1994,경주,초,대부,경주시 강동면 호명리 18,31,0.7081967213114756,높음
gangwon,죽리초 웅진분교장,1994,양구,초,대부,양구군 양구읍 웅진리 407-2,31,0.7081967213114756,높음
chunnam,호암초 삼동분교장,1994, 논산계룡,초,대부,논산시 노성면 노티리 205-1,31,0.7081967213114756,높음
gyeonggi,(구) 화정초,1994,안산,초,대부,안산시 단원구 화정동 519,31,0.7081967213114756,높음
gyeongbook,녹남초등학교,1994,안동,초,대부,안동시 녹전면 사신리 455-5,31,0.7081967213114756,높음
gyeongbook,연화초등학교,1994,김천,초,대부,김천시 대덕면 연화리 255,31,0.7081967213114756,높음
gyeonggi,청평초 양진분교장,1994,가평,초,대부,가평군 청평면 고성리 777-2,31,0.7081967213114756,높음
gangwon,지정초 판대분교장,1994,원주,초,대부,원주시 지정면 판대리 427,31,0.7081967213114756,높음
gyeongbook,신산초등학교,1994,의성,초,대부,의성군 단북면 신하리 551,31,0.7081967213114756,높음
gyeonggi,율면초 월포분교장,1994,이천,초,대부,이천시 율면 월포리 610-1,31,0.7081967213114756,높음
gangwon,기화초 한탄분교장,1994,평창,초,대부,평창군 미탄면 한탄리 231,31,0.7081967213114756,높음
gyeongbook,낙서초등학교서원분교장,1994,상주,초,대부,상주시 내서면 서원리 167,31,0.7081967213114756,높음
gangwon,서석초 송촌분교장,1994,홍천,초,대부,홍천군 서석면 어론리 564-5,31,0.7081967213114756,높음
gyeongbook,감문초등학교,1994,김천,초,대부,김천시 감문면 삼성리 1383,31,0.7081967213114756,높음
gangwon,대진초 마달분교장,1994,고성,초,대부,고성군 현내면 마달리 198,31,0.7081967213114756,높음
gyeongbook,유등초등학교,1994,청도,초,대부,청도군 화양읍 유등리 1876,31,0.7081967213114756,높음
chunbook,관기초 기대분교장,1994,보은,초,대부,보은군 마로면 기대리 328-2,31,0.7081967213114756,높음
gyeonggi,정문초,1994,화성오산,초,대부,화성시 정남면 계향리 411,31,0.7081967213114756,높음
gangwon,벽탄초 행매분교장,1994,정선,초,대부,정선군 정선읍 용탄리 1284,31,0.7081967213114756,높음
jeju,무릉초무릉동분교장,1994,해당없음,초,대부,서귀포시 대정읍 무릉리 581-1,31,0.7081967213114756,높음
gyeongbook,임동초등학교고천분교장,1994,안동,초,대부,안동시 임동면 고천리 101-1,31,0.7081967213114756,높음
gyeonggi,목동초 화악분교장,1994,가평,초,대부,가평군 북면 화악리 564-1,31,0.7081967213114756,높음
gangwon,가천초등학교,1994,횡성,초,대부,횡성군 강림면 강림리 212,31,0.7081967213114756,높음
gangwon,원당초 광원분교장,1994,홍천,초,대부,홍천군 내면 광원리 782-22,31,0.7081967213114756,높음
gyeongbook,창수초등학교미곡분교장,1994,영덕,초,대부,영덕군 창수면 미곡리 583,31,0.7081967213114756,높음
gangwon,화촌초 율촌분교장,1994,홍천,초,대부,홍천군 화촌면 주음치리 271,31,0.7081967213114756,높음
gangwon,원당초 명개분교장,1994,홍천,초,대부,홍천군 내면 명개리 178,31,0.7081967213114756,높음
gangwon,궁촌초 양지분교장,1994,삼척,초,대부,삼척시 근덕면  궁촌리 23,31,0.7081967213114756,높음
gangwon,여량초 남곡분교장,1994,정선,초,대부,정선군 여량면 남곡리 226,31,0.7081967213114756,높음
gangwon,삼덕초 삼교분교장,1994,강릉,초,대부,강릉시 주문진읍 삼교리 126,31,0.7081967213114756,높음
gyeonggi,청운초 신론분교장,1994,양평,초,대부,양평군 청운면 신론리 291-3,31,0.7081967213114756,높음
gangwon,상천초 조교분교장,1994,춘천,초,대부,춘천시 북산면 조교리 295-1,31,0.7081967213114756,높음
gyeongbook,유계초등학교,1994,예천,초,대부,예천군 감천면 유리 183-2 외,31,0.7081967213114756,높음
gyeonggi,금왕초,1994,양평,초,대부,양평군 양동면 금왕리 732,31,0.7081967213114756,높음
gangwon,삼생초 서광분교장,1994,홍천,초,대부,홍천군 서석면 생곡리 167-2,31,0.7081967213114756,높음
gangwon,화계초 역전분교장,1994,홍천,초,대부,홍천군 북방면 역전평리 91,31,0.7081967213114756,높음
gangwon,상천초 물로분교장,1994,춘천,초,대부,춘천시 북산면 물로리 604-2,31,0.7081967213114756,높음
gyeonggi,양성초 방축분교장,1994,안성,초,대부,안성시 양성면 방축리 187-1,31,0.7081967213114756,높음
chunbook,한수중 ,1998,제천,중,미활용,제천시 한수면 송계리 309-1,27,0.7049180327868853,높음
jeju,신창중학교,1998,해당없음,중,미활용,제주시 한경면 신창리 135,27,0.7049180327868853,높음
gyeongbook,상오초등학교,1987,상주,초,자체활용,상주시 화북면 상오리 562,38,0.7016393442622951,높음
gyeongnam,삼천포초등학교늑도분교장,2006,사천,초,미활용,사천시 늑도동 15 ,19,0.698360655737705,높음
jeonnam,벌교초해도분교장,2006,보성,초,미활용,보성 벌교읍 장도리 산1-64,19,0.698360655737705,높음
gyeongbook,화남초등학교죽곡분교장,1995,영천,초,대부,영천시 화남면 죽곡리 650-2,30,0.6950819672131149,높음
gangwon,노곡초 여삼분교장,1995,삼척,초,대부,삼척시 노곡면  여삼리 193-5,30,0.6950819672131149,높음
gangwon,서상초 삼선분교장,1995,춘천,초,대부,춘천시 서면 서상리 801-2,30,0.6950819672131149,높음
gyeongnam,고남초등학교신월분교장,1995,하동,초,대부,하동군 고전면 신월리 207-2,30,0.6950819672131149,높음
gangwon,맹방초 금계분교장,1995,삼척,초,대부,삼척시 근덕면  금계리 193,30,0.6950819672131149,높음
gyeongbook,화남초등학교,1995,안동,초,대부,안동시 풍천면 어담리 239,30,0.6950819672131149,높음
gyeongbook,고경초등학교삼귀분교장,1995,영천,초,대부,영천시 고경면 차당리 산51-2,30,0.6950819672131149,높음
gangwon,옥계초 북동분교장,1995,강릉,초,대부,강릉시 옥계면  북동리 18,30,0.6950819672131149,높음
gangwon,옥계초 산계분교장,1995,강릉,초,대부,강릉시 옥계면 산계리 816-1,30,0.6950819672131149,높음
gyeonggi,영북초 보광분교장,1995,포천,초,대부,포천시 영북면 야미리 276,30,0.6950819672131149,높음
jeju,고산초산양분교장,1995,해당없음,초,대부,제주시 한경면 청수리 3338,30,0.6950819672131149,높음
gyeongnam,군북초등학교수곡분교장,1995,함안,초,대부,함안군 군북면 수곡리 175,30,0.6950819672131149,높음
gangwon,서석초 가구분교장,1995,홍천,초,대부,홍천군 서석면 수하리 1290-1,30,0.6950819672131149,높음
gangwon,정선초 귤암분교장,1995,정선,초,대부,정선군 정선읍 귤암리 171,30,0.6950819672131149,높음
jeonnam,포두초포두동분교장,1995,고흥,초,대부,고흥 포두면 차동리 1183  ,30,0.6950819672131149,높음
gyeongnam,청암초등학교명사분교장,1995,하동,초,대부,하동군 청암면 명호리 854-2,30,0.6950819672131149,높음
gyeongbook,금호남부초등학교,1995,영천,초,대부,영천시 금호읍 호남리 307,30,0.6950819672131149,높음
gyeonggi,장암초 금산분교장,1995,안성,초,대부,안성시 일죽면 금산리 232-1,30,0.6950819672131149,높음
gangwon,임계초 고양분교장,1995,정선,초,대부,정선군 임계면 고양리 124,30,0.6950819672131149,높음
gyeonggi,목동초 백둔분교장,1995,가평,초,대부,가평군 북면 백둔리 371-2,30,0.6950819672131149,높음
chunbook,강천초 단암분교장,1995,충주,초,대부,충주시 앙성면 단암리 412-1,30,0.6950819672131149,높음
chunbook,별방초 유암분교장,1995,단양,초,대부,단양군 영춘면  유암리 253,30,0.6950819672131149,높음
gyeongbook,와룡초등학교나소분교장,1995,안동,초,대부,안동시 와룡면 라소리 628-1,30,0.6950819672131149,높음
gyeonggi,부안초 명성분교장,1995,양평,초,대부,양평군 단월면 명성리 144-2,30,0.6950819672131149,높음
gyeonggi,분원초 검천분교장,1995,광주하남,초,대부,광주시 남종면 검천리 114-1,30,0.6950819672131149,높음
jeju,조수초등학교,1995,해당없음,초,대부,제주시 한경면 조수리 315,30,0.6950819672131149,높음
gyeonggi,만선초 봉현분교장,1995,광주하남,초,대부,광주시 곤지암읍 봉현리 118-3,30,0.6950819672131149,높음
gyeongbook,직지초등학교대성분교장,1995,김천,초,대부,김천시 대항면 대성리 489-4,30,0.6950819672131149,높음
chunbook,안내초 용촌분교장,1995,옥천,초,대부,옥천군 안내면 용촌리 160,30,0.6950819672131149,높음
gyeongbook,청도동부초등학교,1995,청도,초,대부,청도군 청도읍 원리 412,30,0.6950819672131149,높음
chunbook,양화초,1995,제천,초,대부,제천시 금성면 양화리 623,30,0.6950819672131149,높음
gyeongbook,아화초등학교천촌분교장,1995,경주,초,대부,경주시 서면 천촌리 345-2,30,0.6950819672131149,높음
gyeongbook,지품초등학교낙평분교장,1995,영덕,초,대부,영덕군 지품면 낙평리 398-2,30,0.6950819672131149,높음
gangwon,주천초 결운분교장,1995,영월,초,대부,영월군   주천면  금마리 550-3,30,0.6950819672131149,높음
chunbook,동량초 하천분교장,1995,충주,초,대부,충주시 동량면 손동리 336,30,0.6950819672131149,높음
chunbook,유덕초 복평분교장,1995,제천,초,대부,제천시 덕산면 수산리 833-2,30,0.6950819672131149,높음
chunbook,무극초 사정분교장,1995,음성,초,대부,음성군 음성읍 사정리 949,30,0.6950819672131149,높음
jeju,보성초구억분교장,1995,해당없음,초,대부,서귀포시 대정읍 구억리 889-1,30,0.6950819672131149,높음
chunbook,청산초 대월분교장,1995,옥천,초,대부,옥천군 청산면 대성리 173-1,30,0.6950819672131149,높음
gyeongbook,석보초등학교소계분교장,1995,영양,초,대부,영양군 석보면 소계리223,30,0.6950819672131149,높음
incheon,인천남중 북도분교,1999,남부,중,미활용,인천광역시 옹진군 북도면 신도리 628,26,0.6918032786885248,높음
jeju,무릉중학교,1999,해당없음,중,미활용,서귀포시 대정읍 무릉리 3296,26,0.6918032786885248,높음
gyeongnam,적량초등학교영신분교장,2007,하동,초,미활용,하동군 적량면 동산리 542,18,0.6852459016393443,높음
gangwon,도계초 동덕분교장,2007,삼척,초,미활용,삼척시 도계읍 상덕리 89-1,18,0.6852459016393443,높음
gyeongbook,자천초등학교상송분교장,2007,영천,초,미활용,영천시 화북면 상송리 42-1,18,0.6852459016393443,높음
gyeongbook,죽변초등학교화성분교장,2007,울진,초,미활용,울진군 죽변면 화성리 369,18,0.6852459016393443,높음
chunnam,대룡초,2007,공주,초,미활용,공주시 신풍면 대룡리 407,18,0.6852459016393443,높음
chunbook,청천초 신월분교장,2007,괴산증평,초,미활용,괴산군 청천면 신월리 144,18,0.6852459016393443,높음
chunnam,병천초 봉성분교장,2007,천안,초,미활용,천안시 동남구 병천면 매성리 253,18,0.6852459016393443,높음
gangwon,부론초 단강분교장,2007,원주,초,미활용,원주시 부론면 단강리 1380,18,0.6852459016393443,높음
jeonnam,회천동초등학교,2007,보성,초,미활용,보성 회천면 서당리 659,18,0.6852459016393443,높음
gangwon,신왕초 부연분교장,2007,강릉,초,미활용,강릉시 연곡면 삼산리 1279,18,0.6852459016393443,높음
jeonnam,과역동초백일분교장,2007,고흥,초,미활용,고흥 과역면 백일리 산908,18,0.6852459016393443,높음
jeonnam,아산초서유분교장,2007,화순,초,미활용,화순 백아면 서유리 526,18,0.6852459016393443,높음
gangwon,두촌초 원동분교장,1996,홍천,초,대부,홍천군 두촌면 원동리 212,29,0.6819672131147542,높음
jeju,안덕초대평분교장,1996,해당없음,초,대부,서귀포시 안덕면 창천리 850,29,0.6819672131147542,높음
gangwon,용전초 도원분교장,1996,평창,초,대부,평창군 용평면  도사리 210-1 ,29,0.6819672131147542,높음
jeonnam,오송초등학교,1996,진도,초,대부,진도 지산면 오류리 616-4 ,29,0.6819672131147542,높음
gyeonggi,용운초,1996,파주,초,대부,파주시 적성면 객현리 385-2,29,0.6819672131147542,높음
gyeongbook,의곡초등학교대현분교장,1996,경주,초,대부,경주시 산내면 대현리 1345,29,0.6819672131147542,높음
gyeongbook,청운초등학교,1996,청송,초,대부,청송군 청송읍 청운리 996 외 5필지,29,0.6819672131147542,높음
jeju,판포초등학교,1996,해당없음,초,대부,제주시 한경면 판포리 2846-1,29,0.6819672131147542,높음
daegu,고로초화수분교,1996,군위,초,대부,군위군 삼국유사면 화수리 963-1,29,0.6819672131147542,높음
gyeongnam,율원초등학교,1996,거창,초,대부,거창군 신원면 양지리 284-1,29,0.6819672131147542,높음
chunbook,소태초 덕은분교장,1996,충주,초,대부,충주시 소태면 덕은리 229,29,0.6819672131147542,높음
gangwon,용둔초등학교,1996,횡성,초,대부,횡성군 우천면 용둔리 75-2,29,0.6819672131147542,높음
gyeongnam,양지초등학교,1996,고성,초,대부,고성군 대가면 연지리 279,29,0.6819672131147542,높음
chunbook,금성초 장선분교장,1996,제천,초,대부,제천시 청풍면 장선리 98,29,0.6819672131147542,높음
jeonnam,석곡초기룡분교장,1996,곡성,초,대부,곡성 목사동면 대곡리 1041  ,29,0.6819672131147542,높음
gyeongbook,속암초등학교문창분교장,1996,의성,초,대부,의성군 단밀면 팔등리 265,29,0.6819672131147542,높음
gyeongnam,쌍봉초등학교,1996,거창,초,대부,거창군 고제면 봉산리 624,29,0.6819672131147542,높음
gyeongbook,시량초등학교,1996,청송,초,대부,청송군 진보면 시량리 507-3 외 4필지 ,29,0.6819672131147542,높음
gangwon,무이초 흥정분교장,1996,평창,초,대부,평창군 봉평면 흥정리 356,29,0.6819672131147542,높음
jeonnam,화순오성초주도분교장,1996,화순,초,대부,화순 화순읍 주도리 20    ,29,0.6819672131147542,높음
jeju,풍천초신풍분교장,1996,해당없음,초,대부,서귀포시 성산읍 신풍리 500,29,0.6819672131147542,높음
gyeonggi,점동초 당현분교장,1996,여주,초,대부,여주시 점동면 당진리 262-1,29,0.6819672131147542,높음
gyeonggi,석장초,1996,양평,초,대부,양평군 개군면 석장리 177,29,0.6819672131147542,높음
gyeongbook,고목초등학교,1996,울진,초,대부,울진군  북면 고목리 470-4,29,0.6819672131147542,높음
gangwon,두촌초 장남분교장,1996,홍천,초,대부,홍천군 두촌면 장남리 473-1,29,0.6819672131147542,높음
gyeonggi,공체초,1996,안성,초,대부,안성시 공도읍 불당리 63-2,29,0.6819672131147542,높음
gyeonggi,가평초 이화분교장,1989,가평,초,자체활용,가평군 가평읍  이화리 220,36,0.6754098360655739,높음
gyeonggi,대광초 내산분교장,1989,연천,초,자체활용,연천군 신서면 내산리 154-1,36,0.6754098360655739,높음
jeonnam,관산초영성분교장,2008,장흥,초,미활용,장흥 관산읍 죽청리 420-1,17,0.6721311475409836,높음
gyeongnam,신천초등학교중산분교장,2008,산청,초,미활용,산청군 시천면 중산리 293-4,17,0.6721311475409836,높음
gangwon,둔내초 영호분교장,2008,횡성,초,미활용,횡성군 둔내면 영랑리 363,17,0.6721311475409836,높음
gangwon,남천초등학교장,2008,속초양양,초,미활용,양양군 현북면 도리19,17,0.6721311475409836,높음
jeonnam,대동향교초대신분교장,2008,함평,초,미활용,함평 대동면 금산리 422-7,17,0.6721311475409836,높음
jeonnam,대서초안남분교장,2008,고흥,초,미활용,고흥 대서면 안남리 626,17,0.6721311475409836,높음
jeonnam,나주초이화분교장,2008,나주,초,미활용,나주 토계동 318,17,0.6721311475409836,높음
gyeongbook,개진초등학교영동분교장,2008,고령,초,미활용,고령군 개진면 생리 251 외,17,0.6721311475409836,높음
gyeonggi,연천왕산초 마전분교장B,2008,연천,초,미활용,연천군 미산면 유촌리 625,17,0.6721311475409836,높음
gyeongnam,원량초등학교옥동분교장,2008,통영,초,미활용,통영시 욕지면 동항리 384-1,17,0.6721311475409836,높음
chunbook,오창초 가좌분교장,2008,청주,초,미활용,청주시 청원구 오창읍 가좌리 129,17,0.6721311475409836,높음
gangwon,등매초 유포분교장,1997,평창,초,대부,평창군 봉평면 유포리 597-5,28,0.6688524590163935,높음
gyeongnam,봉산초등학교삼덕분교장,1997,합천,초,대부,합천군 봉산면 계산리 247,28,0.6688524590163935,높음
gangwon,영월초 팔괴분교장,1997,영월,초,대부,영월군   영월읍  팔괴리 324-1,28,0.6688524590163935,높음
jeonnam,한골초등학교,1982,함평,초,매각,함평군 대동면 서호리 632,43,0.6688524590163935,높음
gyeongnam,삼가초등학교자양분교장,1997,합천,초,대부,합천군 삼가면 동리 187,28,0.6688524590163935,높음
gyeongnam,북천초등학교대야분교장,1997,하동,초,대부,하동군 북천면 화정리 58,28,0.6688524590163935,높음
gangwon,동내초 세거분교장,1982,춘천교육지원청,초,매각,춘천시 동내면 사암리 28,43,0.6688524590163935,높음
gyeongnam,반동초등학교구복분교장,1997,창원,초,대부,창원시 마산합포구 구산면 구복리 275-21,28,0.6688524590163935,높음
gyeongnam,문현초등학교,1997,함안,초,대부,함안군 법수면 대송리 1110,28,0.6688524590163935,높음
chunbook,속리초 장재분교장,1982,보은,초,매각,보은군 외속리면 장재리 208,43,0.6688524590163935,높음
gyeonggi,"산호초 
장암분교장",1982,포천,초,매각,경기도 포천시 이동면 장암리 250,43,0.6688524590163935,높음
gangwon,인제초 장성분교장,1982,인제교육지원청,초,매각,인제군 인제읍 덕적리 158,43,0.6688524590163935,높음
gyeongbook,오류초,1982,영천,초,매각,영천시 고경면 오류리 631,43,0.6688524590163935,높음
gangwon,논미초 추곡분교장,1982,화천교육지원청,초,매각,화천군 하남면 안평리 1244,43,0.6688524590163935,높음
gyeongbook,영해초등학교대동분교장,1997,영덕,초,대부,영덕군 영해면 대리 394-1,28,0.6688524590163935,높음
jeonnam,득량서초등학교,1997,보성,초,대부,보성 득량면 마천리 749-1,28,0.6688524590163935,높음
gangwon,천곡초등학교,1982,동해교육지원청,초,매각,동해시 천곡동 222,43,0.6688524590163935,높음
gangwon,장신초등학교,1982,고성교육지원청,초,매각,고성군 간성읍 장신리 71,43,0.6688524590163935,높음
gyeongnam,가북초등학교용암분교장,1997,거창,초,대부,거창군 가북면 용암리 1967,28,0.6688524590163935,높음
gangwon,지촌초 원평분교장,1997,춘천,초,대부,춘천시 사북면 원평리 478-2,28,0.6688524590163935,높음
gangwon,지암초 가덕분교장,1982,춘천교육지원청,초,매각,춘천시 서면 오월리 286-2,43,0.6688524590163935,높음
gyeongbook,모암초 삼애분교,1982,김천,초,매각,김천시 신음동 17,43,0.6688524590163935,높음
jeonnam,삼호중앙초나불분교장,1982,영암,초,매각,영암군 삼호면 나불리 300,43,0.6688524590163935,높음
gangwon,조광초등학교,1982,춘천교육지원청,초,매각,춘천시 동산면 조양리 371,43,0.6688524590163935,높음
gangwon,인제초 덕적분교장,1982,인제교육지원청,초,매각,인제군 인제읍 덕적리 429-7,43,0.6688524590163935,높음
gyeongbook,태화초등학교광천분교장,1997,김천,초,대부,김천시 봉산면 광천리 520-4,28,0.6688524590163935,높음
gyeongbook,청하초등학교서정분교장,1997,포항,초,대부,포항시 북구 청하면 서정리 685,28,0.6688524590163935,높음
gyeongnam,도천초등학교,1997,창녕,초,대부,창녕군 도천면 논리 31,28,0.6688524590163935,높음
gangwon,원대초 와현분교장,1982,인제교육지원청,초,매각,인제군 인제읍 원대리 789,43,0.6688524590163935,높음
gyeongnam,무안초등학교운정분교장,1997,밀양,초,대부,밀양시 무안면 운정리 149-4,28,0.6688524590163935,높음
gangwon,원천초 대곡분교장,1982,화천교육지원청,초,매각,화천군 하남면 계성리 467,43,0.6688524590163935,높음
gangwon,광덕초 보명분교장,1982,화천교육지원청,초,매각,화천군 사내면 광덕리 435-1,43,0.6688524590163935,높음
gyeongnam,명석초등학교계원분교장,1997,진주,초,대부,진주시 명석면 계원리 174-1,28,0.6688524590163935,높음
gangwon,동창초 신촌분교장,1997,홍천,초,대부,홍천군 내촌면 물걸리 1206-1,28,0.6688524590163935,높음
chunbook,산수초,1982,충주,초,매각,충주시 신니면 마수리 191-3,43,0.6688524590163935,높음
gangwon,인제초 가아분교장,1982,인제교육지원청,초,매각,인제군 인제읍 가아리 319-2,43,0.6688524590163935,높음
gyeongbook,현남초등학교,1997,청송,초,대부,청송군 안덕면 덕성리 217-2,28,0.6688524590163935,높음
gangwon,덕두원초 명덕분교장,1982,춘천교육지원청,초,매각,춘천시 서면 덕두원리 711-7,43,0.6688524590163935,높음
gangwon,율전초 문암분교장,1997,홍천,초,대부,홍천군 내면 율전리 696-1,28,0.6688524590163935,높음
gangwon,현성초 면옥치분교장,1997,속초양양,초,대부,양양군 현북면 면옥치리 141,28,0.6688524590163935,높음
gyeongbook,회천초,1982,고령,초,매각,고령군 우곡면 야정리 900,43,0.6688524590163935,높음
gangwon,다목초 대성분교장,1982,화천교육지원청,초,매각,화천군 상서면 다목리 148-1,43,0.6688524590163935,높음
jeju,신산중학교,2001,해당없음,중,미활용,서귀포시 성산읍 신산리 953,24,0.6655737704918033,높음
jeonbook,수당초,1990,부안,초,자체활용,부안군 줄포면  우포리 138,35,0.6622950819672132,높음
chunbook,청풍초 학현분교장,1990,제천,초,자체활용,제천시 청풍면  학현리 산18-1,35,0.6622950819672132,높음
gyeonggi,대광초 신탄분교장,1990,연천,초,자체활용,연천군 신서면 대광리 174,35,0.6622950819672132,높음
gyeongbook,임고초등학교수성분교장,2009,영천,초,미활용,영천시 임고면 수성리 901-2,16,0.6590163934426231,높음
jeonnam,별량초마산분교장,2009,순천,초,미활용,순천 별량면 마산리 249-1,16,0.6590163934426231,높음
jeonnam,석교초 용등분교장,2009,진도,초,미활용,진도 임회면 백동리 633,16,0.6590163934426231,높음
gyeongbook,수비초등학교신암분교장,2009,영양,초,미활용,영양군 수비면 신암리 166,16,0.6590163934426231,높음
gyeonggi,점동초 안평분교장,2009,여주,초,미활용,여주시 점동면 장안리 478,16,0.6590163934426231,높음
jeonnam,해제동초등학교,2009,무안,초,미활용,무안 해제면 유월리 561,16,0.6590163934426231,높음
chunnam,인지초 인정분교장,2009,서산,초,미활용,서산시 인지면 모월리 311-2,16,0.6590163934426231,높음
jeonnam,연도초역포분교장,2009,여수,초,미활용,여수 남면 연도리 881,16,0.6590163934426231,높음
jeonnam,주암초어왕분교장,2009,순천,초,미활용,순천 주암면 어왕리 1,16,0.6590163934426231,높음
gyeongnam,한림초등학교가산분교장,2009,김해,초,미활용,김해시 한림면 가산리 191-2,16,0.6590163934426231,높음
gyeongnam,덕오초등학교,2009,진주,초,미활용,진주시 집현면 덕오리 725-2,16,0.6590163934426231,높음
gyeonggi,양동초 단석분교장,2009,양평,초,미활용,양평군 양동면 쌍학리 357,16,0.6590163934426231,높음
gyeongbook,대야초,1983,김천,초,매각,김천시 부항면 대야리 388-1,42,0.6557377049180327,높음
gyeongnam,도산초등학교도남분교장,1998,통영,초,대부,통영시 도산면 저산리 613-1,27,0.6557377049180327,높음
chunbook,한수초,1983,제천,초,매각,제천시 한수면 황강리 327,42,0.6557377049180327,높음
gyeongbook,동양초등학교금봉분교장,1983,봉화,초,매각,봉화군 봉성면 금봉리 769-1,42,0.6557377049180327,높음
gyeongbook,도천초,1983,영천,초,매각,영천시 북안면 도천리 6465,42,0.6557377049180327,높음
daegu,"우록초
백록분교",1983,달성,초,매각,가창면 우록리 1039,42,0.6557377049180327,높음
gyeongnam,내동초등학교나동분교장,1998,진주,초,대부,진주시 내동면 삼계리 253-9,27,0.6557377049180327,높음
gyeongbook,금성초경애분교장,1983,의성,초,매각,의성군 금성면 탑리리 1140-3,42,0.6557377049180327,높음
jeonnam,여산초추도분교장,1983,여수,초,매각,여수시 화정면 낭도리 8-3,42,0.6557377049180327,높음
gyeongnam,평림초등학교,1998,통영,초,대부,통영시 평림동 809-1,27,0.6557377049180327,높음
gyeongbook,벌지초 송곡분교,1983,고령,초,매각,고령군 다산면 송곡리 272,42,0.6557377049180327,높음
gyeongnam,대금초등학교,1998,거제,초,대부,거제시 장목면 율천리 49-3,27,0.6557377049180327,높음
gangwon,성산초 보광분교장,1998,강릉,초,대부,강릉시 성산면 보광리 308,27,0.6557377049180327,높음
gyeonggi,장암초,1998,안성,초,대부,안성시 일죽면 장암리 204,27,0.6557377049180327,높음
gyeongbook,석병초등학교,1998,포항,초,대부,포항시 남구 구룡포읍 석병리 640-2,27,0.6557377049180327,높음
gangwon,신풍초 만산분교장,1983,화천교육지원청,초,매각,화천군 상서면 구운리 1449,42,0.6557377049180327,높음
gwangju,삼도남초등학교,1998,서부,초,대부,광산구 삼도동 823-1 일원,27,0.6557377049180327,높음
gangwon,용암초등학교,1998,원주,초,대부,원주시 귀래면 용암리 906,27,0.6557377049180327,높음
gangwon,교학초 구룡분교장,1983,원주교육지원청,초,매각,원주시 소초면 학곡리 1014,42,0.6557377049180327,높음
gyeongbook,효선초빙계분교장,1983,의성,초,매각,의성군 춘산면 빙계리 452-1,42,0.6557377049180327,높음
gangwon,판운초 중선분교장,1998,영월,초,대부,영월군   주천면  판운리 1119,27,0.6557377049180327,높음
jeonnam,넙도초장구분교장,1983,완도,초,매각,노화읍 내리 산421,42,0.6557377049180327,높음
gyeongbook,청경초등학교,1998,영천,초,대부,영천시 고경면 도암리 147,27,0.6557377049180327,높음
gangwon,화전초 어룡분교장,1983,태백교육지원청,초,매각,태백시 화전동 산47-1,42,0.6557377049180327,높음
gangwon,귀운초 양아치분교장,1983,원주교육지원청,초,매각,원주시 귀래면 귀래리 산131,42,0.6557377049180327,높음
gyeongbook,창수초등학교오촌분교장,1998,영덕,초,대부,영덕군 창수면 오촌리 244-1,27,0.6557377049180327,높음
gangwon,금병초 혈동분교장,1998,춘천,초,대부,춘천시 신동면 혈동리 170,27,0.6557377049180327,높음
jeonbook,덕동초 내령분교,1983,남원,초,매각,남원시 산내면 내령 342,42,0.6557377049180327,높음
chunbook,상촌초 황학분교장,1998,영동,초,대부,영동군 상촌면 궁촌리 301,27,0.6557377049180327,높음
gyeonggi,금곡초,1998,파주,초,대부,파주시 법원읍 금곡리 336-5,27,0.6557377049180327,높음
chunbook,세평초,1998,괴산증평,초,대부,괴산군 불정면 세평리 214,27,0.6557377049180327,높음
chunbook,운학초 차도분교장,1983,제천,초,매각,제천시 백운면 운학리 648,42,0.6557377049180327,높음
chunbook,창암초,1998,충주,초,대부,충주시 가금면 창동리 산22-2,27,0.6557377049180327,높음
gyeongnam,창호초등학교신호분교장,1998,거제,초,대부,거제시 사등면 창호리 2126-2,27,0.6557377049180327,높음
gangwon,가로초등학교,1983,인제교육지원청,초,매각,인제군 남면 가로리 517-1,42,0.6557377049180327,높음
gyeongnam,신안초등학교둔철분교장,1998,산청,초,대부,산청군 신안면 안봉리916-1,27,0.6557377049180327,높음
gangwon,오안초 삼마치분교장,1998,홍천,초,대부,홍천군 홍천읍 삼마치리 681-1,27,0.6557377049180327,높음
jeonnam,흥양초등학교,1998,고흥,초,대부,고흥 도화면 신호리 287-1 ,27,0.6557377049180327,높음
gyeongnam,산동초등학교고례분교장,1998,밀양,초,대부,밀양시 단장면 고례리 1516-1,27,0.6557377049180327,높음
gangwon,마차초 송치분교장,1983,영월교육지원청,초,매각,영월군 북면 마차리 633,42,0.6557377049180327,높음
jeonbook,둔덕초,1983,임실,초,매각,임실군 오수면 둔덕리 산 1,42,0.6557377049180327,높음
gyeongnam,부북초등학교정진분교장,1998,밀양,초,대부,밀양시 부북면 퇴로리 280-5,27,0.6557377049180327,높음
gyeongnam,숭덕초등학교상동분교장,1998,거제,초,대부,거제시 둔덕면 상둔리 859-1,27,0.6557377049180327,높음
jeonbook,선거초 청운분교,1983,임실,초,매각,임실군 운암면 청운리 199,42,0.6557377049180327,높음
gyeongnam,옥종초등학교두양분교장,1998,하동,초,대부,하동군 옥종면 두양리 460,27,0.6557377049180327,높음
gyeongnam,일운초등학교내도분교장,1998,거제,초,대부,거제시 일운면 와현리 11-2,27,0.6557377049180327,높음
gyeongnam,일운초등학교망월분교장,1998,거제,초,대부,거제시 일운면 망치리 418-1,27,0.6557377049180327,높음
gyeongnam,일운초등학교예구분교장,1998,거제,초,대부,거제시 일운면 와현리 255,27,0.6557377049180327,높음
jeju,신산초삼달분교장,1998,해당없음,초,대부,서귀포시 성산읍 삼달리 437-5,27,0.6557377049180327,높음
chunbook,칠성초 쌍곡분교장,1991,괴산증평,초,자체활용,괴산군 칠성면 쌍곡리 157,34,0.6491803278688525,높음
chunbook,상촌초 물한분교장,1991,영동,초,자체활용,영동군 상촌면 물한리 643,34,0.6491803278688525,높음
jeonbook,금평초,1991,무주,초,자체활용,무주군 무풍면 금평리 1537,34,0.6491803278688525,높음
chunnam,반포초 마암분교장,1991,공주,초,자체활용,공주시 반포면 마암리 산 4-2,34,0.6491803278688525,높음
jeonbook,관촌동초,1991,임실,초,자체활용,임실군 관촌면 방수리 654-1,34,0.6491803278688525,높음
gyeongbook,산동초등학교송백분교장,2010,구미,초,미활용,구미시 산동면 송산리 243,15,0.6459016393442624,높음
gyeonggi,진가초 모가분교장,2010,이천,초,미활용,이천시 모가면 신갈리 165-2,15,0.6459016393442624,높음
jeonnam,문평남초등학교,2010,나주,초,미활용,나주 문평면 옥당리 1119,15,0.6459016393442624,높음
jeonnam,거자초죽도분교장,1984,진도,초,매각,진도군 조도면 맹골도리 111-9,41,0.6426229508196722,높음
chunbook,세성초 공이분교장,1999,충주,초,대부,충주시 살미면 공이리 448-1,26,0.6426229508196722,높음
jeonnam,두원북초등학교,1999,고흥,초,대부,고흥 두원면 용당리 233   ,26,0.6426229508196722,높음
gyeonggi,강천초 강남분교장,1999,여주,초,대부,여주시 강천면 굴암리 9-3,26,0.6426229508196722,높음
chunbook,수회초 팔봉분교장,1999,충주,초,대부,충주시 살미면 토계리 263,26,0.6426229508196722,높음
chunbook,앙성초 영죽분교장,1999,충주,초,대부,충주시 앙성면 영죽리 264-1,26,0.6426229508196722,높음
gyeonggi,가평초 경반분교장,1984,가평,초,매각,가평군 가평읍 경반리 산1,41,0.6426229508196722,높음
gyeongbook,영도초등학교,1999,영천,초,대부,영천시 본촌동 335-2,26,0.6426229508196722,높음
gangwon,양구초 월명분교장,1999,양구,초,대부,양구군 양구읍 월명리 230,26,0.6426229508196722,높음
chunbook,오수초,1999,괴산증평,초,대부,괴산군 연풍면 유하리 196-9,26,0.6426229508196722,높음
chunbook,옥산초 호죽분교장,1999,청주,초,대부,청주시 흥덕구 옥산면 호죽리 300-3,26,0.6426229508196722,높음
gyeongbook,신사초등학교,1999,영양,초,대부,영양군 입압면 신사리 610,26,0.6426229508196722,높음
gyeongbook,외서초등학교배영분교장,1999,상주,초,대부,상주시 외서면 봉강리 139,26,0.6426229508196722,높음
gyeongbook,신동초등학교연호분교장,1999,칠곡,초,대부,칠곡군 지천면 연호리 산90-1,26,0.6426229508196722,높음
chunbook,용암초,1999,영동,초,대부,영동군 황간면 용암리 642,26,0.6426229508196722,높음
gyeonggi,(구)목동초,1999,가평,초,대부,가평군 북면 목동리919,26,0.6426229508196722,높음
incheon,"대청초
노화동분교",1984,남부,초,매각,대청면 소청리 562,41,0.6426229508196722,높음
gangwon,율전초 광문분교장,1999,홍천,초,대부,홍천군 내면 방내리 169-2,26,0.6426229508196722,높음
chunbook,원남초 문암분교장,1999,음성,초,대부,음성군 원남면 문암리 593,26,0.6426229508196722,높음
gyeongnam,명사초등학교해금강분교장,1999,거제,초,대부,거제시 남부면 갈곶리 262-5,26,0.6426229508196722,높음
chunbook,천덕초,1999,영동,초,대부,영동군 매곡면 공수리 463-2,26,0.6426229508196722,높음
chunbook,청동초,1999,옥천,초,대부,옥천군 청산면 효목리 675-1,26,0.6426229508196722,높음
gyeongnam,원당초등학교,1999,진주,초,대부,진주시 수곡면 원외리 2-1,26,0.6426229508196722,높음
jeonbook,덕동초 와운분교,1984,남원,초,매각,남원시 산내면 부운 317,41,0.6426229508196722,높음
gyeongnam,숭덕초등학교학산분교장,1999,거제,초,대부,거제시 둔덕면 학산리 486-3,26,0.6426229508196722,높음
gyeonggi,어정초 동진원분교장,1999,용인,초,대부,용인시 중동 669외 1필지,26,0.6426229508196722,높음
incheon,내리초,1999,남부,초,대부,인천광역시 옹진군 영흥면 내리 61,26,0.6426229508196722,높음
gangwon,군평초등학교,1999,홍천,초,대부,홍천군 화촌면 장평리 887-1,26,0.6426229508196722,높음
gyeongnam,안법초등학교,1999,밀양,초,대부,밀양시 단장면 안법리 506-3,26,0.6426229508196722,높음
jeonnam,대서서초등학교,1999,고흥,초,대부,고흥 대서면 남정리 550   ,26,0.6426229508196722,높음
gangwon,평창초 도돈분교장,1999,평창,초,대부,평창군 평창읍 도돈리 35,26,0.6426229508196722,높음
gangwon,호저초 대덕분교장,1984,원주교육지원청,초,매각,원주시 호저면 대덕리 647,41,0.6426229508196722,높음
jeonnam,남평동초등학교,1999,나주,초,대부,나주 남평읍 우산리 984   ,26,0.6426229508196722,높음
gangwon,간척초등학교,1999,화천,초,대부,화천군 간동면 간척리 474,26,0.6426229508196722,높음
gyeongnam,안태초등학교,1999,밀양,초,대부,밀양시 삼랑진읍 안태리 542,26,0.6426229508196722,높음
gyeongnam,양곡초등학교귀산분교장,1999,창원,초,대부,창원시 성산구 귀산동 499,26,0.6426229508196722,높음
jeonnam,남성초등학교,1999,고흥,초,대부,고흥 포두면 남성리 461   ,26,0.6426229508196722,높음
gangwon,근덕초 교곡분교장,1999,삼척,초,대부,삼척시 근덕면  교곡리 253,26,0.6426229508196722,높음
chunbook,공전초,1999,제천,초,대부,제천시 봉양읍 공전리 265,26,0.6426229508196722,높음
jeonbook,주산초 덕림분교,1999,부안,초,대부,부안군 주산면 덕림리 487-30,26,0.6426229508196722,높음
gyeongbook,주남초등학교,1999,영양,초,대부,영양군 석보면 주남리350-1,26,0.6426229508196722,높음
gyeonggi,대신초 옥촌분교장,1999,여주,초,대부,여주시 대신면 옥촌리 831-1,26,0.6426229508196722,높음
gyeongbook,자양초등학교신방분교장,1999,영천,초,대부,영천시 자양면 신방리 803,26,0.6426229508196722,높음
chunbook,내북초 이식분교장,1999,보은,초,대부,보은군 산외면 이식리 84,26,0.6426229508196722,높음
gangwon,이천초 수곡분교장,1984,삼척교육지원청,초,매각,삼척시 원덕읍 이천리 산361,41,0.6426229508196722,높음
gyeongnam,상북초등학교,1999,창원,초,대부,창원시 마산합포구 진북면 추곡리 534,26,0.6426229508196722,높음
gangwon,조산초 적은분교장,1999,속초양양,초,대부,양양군 강현면 적은리 84,26,0.6426229508196722,높음
gangwon,제비초등학교,1999,강릉,초,대부,강릉시 구정면 제비리 504,26,0.6426229508196722,높음
chunbook,단양초 노동분교장,1999,단양,초,대부,단양군 단양읍 노동리 265,26,0.6426229508196722,높음
gangwon,금대초 애신분교장,1984,원주교육지원청,초,매각,원주시 판부면 금대리 140-1,41,0.6426229508196722,높음
gyeongnam,양촌초등학교,1999,창원,초,대부,창원시 마산합포구 진전면 양촌리 390,26,0.6426229508196722,높음
gyeongbook,산동초 도중분교장,1984,구미,초,매각,구미시 산동면 도중리 480-2,41,0.6426229508196722,높음
chunbook,백곡초 성대분교장,1999,진천,초,대부,진천군 백곡면 성대리 498-2,26,0.6426229508196722,높음
gyeongnam,수월초등학교,1999,통영,초,대부,통영시 도산면 수월리 866-1,26,0.6426229508196722,높음
chunbook,백봉초 장암분교장,1999,괴산증평,초,대부,괴산군 청안면 장암리 401-1,26,0.6426229508196722,높음
gyeongbook,원전초등학교,1999,영덕,초,대부,영덕군 지품면 원전리 295-2,26,0.6426229508196722,높음
jeonnam,동거차초곽도분교장,1984,진도,초,매각,진도군 조도면 맹골도 29-1,41,0.6426229508196722,높음
chunbook,삼산초 중초분교장,1999,보은,초,대부,보은군 보은읍 중초리 408-1,26,0.6426229508196722,높음
gangwon,반곡초 팔봉분교장,1999,홍천,초,대부,홍천군 서면 팔봉리 814-1,26,0.6426229508196722,높음
gyeongnam,모동초등학교,1999,거창,초,대부,거창군 위천면 모동리 729,26,0.6426229508196722,높음
gyeongnam,사동초등학교,1999,사천,초,대부,사천시 사천읍 두량리 256,26,0.6426229508196722,높음
jeonnam,영남첨도분교장,1984,고흥,초,매각,고흥군 포두면 오취리 산219,41,0.6426229508196722,높음
jeju,어도초어음분교장,1999,해당없음,초,대부,제주시 애월읍 어음리 2922,26,0.6426229508196722,높음
gyeongnam,(구)남상초등학교,1999,거창,초,대부,거창군 남상면 대산리 128,26,0.6426229508196722,높음
gyeongnam,일운초등학교구조라분교장,1999,거제,초,대부,거제시 일운면 구조라리 58-2,26,0.6426229508196722,높음
gyeongnam,거제초등학교법동분교장,1999,거제,초,대부,거제시 거제면 법동리 266,26,0.6426229508196722,높음
gyeongbook,기산초등학교,1999,칠곡,초,대부,칠곡군 기산면 봉산리 538,26,0.6426229508196722,높음
gyeongnam,광호초등학교,1999,통영,초,대부,통영시 광도면 용호리 206,26,0.6426229508196722,높음
gyeongbook,금곡초등학교,1999,영덕,초,대부,영덕군 병곡면 금곡리 269-1,26,0.6426229508196722,높음
gyeongnam,북창선초등학교,1999,남해,초,대부,남해군 창선면 대벽리 277,26,0.6426229508196722,높음
gyeongnam,국산초등학교덕포분교장,1999,거제,초,대부,거제시 덕포동 542,26,0.6426229508196722,높음
gyeongnam,군북초등학교명관분교장,1984,함안,초,매각,경상남도 함안군 군북면 명관리 934-1,41,0.6426229508196722,높음
gyeongnam,군북초등학교사촌분교장,1999,함안,초,대부,함안군 군북면 사촌리 862,26,0.6426229508196722,높음
gyeongbook,개포초등학교경진분교장,1999,예천,초,대부,예천군 개포면 경진리 565 외,26,0.6426229508196722,높음
gyeongnam,봉황초등학교,1999,밀양,초,대부,밀양시 초동면 덕산리 292,26,0.6426229508196722,높음
gangwon,봉양초 정덕분교장,1999,정선,초,대부,정선군 정선읍 덕우리 477,26,0.6426229508196722,높음
gyeongnam,(구)갈전초등학교,1999,진주,초,대부,진주시 금산면 갈전리 1441-1,26,0.6426229508196722,높음
gangwon,둔내초 조항분교장,1999,횡성,초,대부,횡성군 둔내면 조항리 554-5,26,0.6426229508196722,높음
gyeongnam,법수초등학교우거분교장,1999,함안,초,대부,함안군 법수면 우거리 789,26,0.6426229508196722,높음
gyeongnam,대학초등학교,1999,창녕,초,대부,창녕군 대지면 본초리 276,26,0.6426229508196722,높음
gangwon,대화초 개수분교장,1999,평창,초,대부,평창군 대화면 개수리 742-1,26,0.6426229508196722,높음
ulsan,두북분교,1999,강남,초,대부,울주군 두서면 활천리 329-1,26,0.6426229508196722,높음
gangwon,부론초 손곡분교장,1999,원주,초,대부,원주시 부론면 손곡리 1382,26,0.6426229508196722,높음
gyeonggi,조종초 운악분교장,1999,가평,초,대부,가평군 조종면 운악리 214-6,26,0.6426229508196722,높음
incheon,양당초,1999,강화,초,대부,인천광역시 강화군 송해면 양오리 632-4,26,0.6426229508196722,높음
gyeongnam,초동초등학교반월분교장,1999,밀양,초,대부,밀양시 초동면 대곡리 245-3,26,0.6426229508196722,높음
gyeongnam,도원초등학교,1999,통영,초,대부,통영시 도산면 원산리 933,26,0.6426229508196722,높음
gyeongnam,동부초등학교동령분교장,1999,거제,초,대부,거제시 동부면 오송리 561,26,0.6426229508196722,높음
gyeongnam,무안초등학교중산분교장,1999,밀양,초,대부,밀양시 무안면 중산리 162-1,26,0.6426229508196722,높음
gyeongnam,무안초등학교내진분교장,1999,밀양,초,대부,밀양시 무안면 양효리 349,26,0.6426229508196722,높음
jeonnam,순천남초삼거분교장,1999,순천,초,대부,순천 삼거동 125-1      ,26,0.6426229508196722,높음
gyeonggi,원삼초 청룡분교장,1984,수원,초,매각,용인시 처인구 원삼면 죽능리 216 외 3,41,0.6426229508196722,높음
gangwon,내촌초 협성분교장,1999,홍천,초,대부,홍천군 두촌면 괘석리 420-1,26,0.6426229508196722,높음
jeonnam,삼서남초등학교,1999,장성,초,대부,장성 삼서면 석마리 661-4 ,26,0.6426229508196722,높음
jeonnam,석곡초명강분교장,1999,곡성,초,대부,곡성 석곡면 방송리 538   ,26,0.6426229508196722,높음
gyeongnam,북면초등학교화천분교장,1999,창원,초,대부,창원시 의창구 북면 외감리 168,26,0.6426229508196722,높음
jeonnam,서호북초등학교,1999,영암,초,대부,영암 서호면 성재리 1058,26,0.6426229508196722,높음
gangwon,신평초등학교,1984,고성교육지원청,초,매각,고성군 토성면 성대리 372,41,0.6426229508196722,높음
chunbook,학산초 봉산분교장,1999,영동,초,대부,영동군 학산면 황산리 563-1,26,0.6426229508196722,높음
gyeongbook,동곡초등학교김전분교장,1999,청도,초,대부,청도군 금천면 김전리 52,26,0.6426229508196722,높음
gangwon,내촌초 연지분교장,1999,홍천,초,대부,홍천군 내촌면 화상대리 130-1,26,0.6426229508196722,높음
gyeongbook,봉소초등학교성신분교장,1984,성주,초,매각,경상북도 성주군 초전면 용봉3리 1094-31번지,41,0.6426229508196722,높음
gyeongbook,대방초등학교,1999,구미,초,대부,구미시 고아읍 횡산리 47,26,0.6426229508196722,높음
gyeongbook,대산초등학교,1999,청도,초,대부,청도군 각남면 옥산리 15,26,0.6426229508196722,높음
chunbook,추평초,1999,충주,초,대부,충주시 엄정면 추평리 454,26,0.6426229508196722,높음
chunnam,학계초,1992,홍성,초,자체활용,홍성군 홍성읍 학계리 192-3,33,0.6360655737704918,높음
daegu,보성초,1992,군위,초,자체활용,군위군 소보면 사리리 97-1,33,0.6360655737704918,높음
chunnam,금류초,1992,금산,초,자체활용,금산군 금성면 하류리440,33,0.6360655737704918,높음
gyeongbook,광덕초등학교,1992,청송,초,자체활용,청송군 진보면 광덕리 271 외 3필지,33,0.6360655737704918,높음
chunbook,남이초 구암분교장,1992,청주,초,자체활용,청주시 서원구 남이면 구암리 275,33,0.6360655737704918,높음
daegu,봉의초,1992,군위,초,자체활용,군위군 소보면 봉소리 623-1,33,0.6360655737704918,높음
jeonnam,영산포동초등학교,1992,나주,초,자체활용,나주 용산동 51-1,33,0.6360655737704918,높음
jeonbook,원촌초 주촌분교,1992,남원,초,자체활용,남원시 주천면 송치리 418,33,0.6360655737704918,높음
chunnam,정곡초,1992,보령,초,자체활용,보령시 주산면 삼곡리 638,33,0.6360655737704918,높음
jeju,광령초상전분교장,1992,해당없음,초,자체활용,제주시 애월읍 고성리 94,33,0.6360655737704918,높음
jeonbook,평장초,1992,진안,초,자체활용,진안군 백운면 평장리 94,33,0.6360655737704918,높음
busan,천가초 천성분교장,2011,북부,초,미활용,강서구 천성동 813,14,0.6327868852459017,높음
gangwon,하장초 갈전분교장,2011,삼척,초,미활용,삼척시 하장읍 갈전리 365,14,0.6327868852459017,높음
jeonnam,영광서초등학교,2011,영광,초,미활용,영광 영광읍 계송리 667,14,0.6327868852459017,높음
gangwon,강림초 부곡분교장,2011,횡성,초,미활용,횡성군 강림면 부곡리 617,14,0.6327868852459017,높음
gyeongbook,구성초등학교양각분교장,2011,김천,초,미활용,김천시 구성면 양각리 402,14,0.6327868852459017,높음
chunnam,복수초 용진분교장,2011,금산,초,미활용,금산군 복수면 용진리 405-1,14,0.6327868852459017,높음
jeonnam,군곡초등학교,2011,해남,초,미활용,해남 송지면 군곡리 435,14,0.6327868852459017,높음
gangwon,옥계초 남양분교장,2011,강릉,초,미활용,강릉시 옥계면 남양리 528,14,0.6327868852459017,높음
jeonnam,별량남초등학교,2000,순천,초,대부,순천 별량면 대곡리 742-1 ,25,0.6295081967213115,높음
gyeongbook,봉소초등학교월전분교장,1985,성주,초,매각,경상북도 성주군 초전면 월곡2리 284-1번지,40,0.6295081967213115,높음
gyeongbook,풍각초등학교서부분교장,2000,청도,초,대부,청도군 풍각면 안산리 585,25,0.6295081967213115,높음
jeonnam,토지초문수분교장,2000,구례,초,대부,구례 토지면 문수리 847   ,25,0.6295081967213115,높음
jeonnam,이서초야사분교장,1985,화순,초,매각,화순군 이서면 야사리 197,40,0.6295081967213115,높음
gyeonggi,서탄초 금각분교장,2000,평택,초,대부,평택시 서탄면 금각리 286-4,25,0.6295081967213115,높음
gyeonggi,창문초,2000,화성오산,초,대부,화성시 남양읍 수화리 236,25,0.6295081967213115,높음
chunbook,청성초 묘금분교장,2000,옥천,초,대부,옥천군 청성면 묘금리 19-1,25,0.6295081967213115,높음
gangwon,월정초 개잔분교장,1985,평창교육지원청,초,매각,평창군 진부면 병내리 산1-2,40,0.6295081967213115,높음
gangwon,마차초 율치분교장,1985,영월교육지원청,초,매각,영월군 북면 마차리 215,40,0.6295081967213115,높음
gyeongbook,옥산초등학교하강분교장,2000,경주,초,대부,경주시 안강읍 하곡리 632,25,0.6295081967213115,높음
jeonnam,금도초등학교,1985,광양,초,매각,광양시 골약면 금호리 149,40,0.6295081967213115,높음
gangwon,금대초 일론분교장,1985,원주교육지원청,초,매각,원주시 판부면 금대리 1312-1,40,0.6295081967213115,높음
gangwon,방동초 조경분교장,1985,인제교육지원청,초,매각,인제군 기린면 방동리 2.1,40,0.6295081967213115,높음
jeju,연평초등학교,2000,해당없음,초,대부,제주시 우도면 연평리 1457,25,0.6295081967213115,높음
incheon,"북포초
화동분교",1985,남부,초,매각,백령면 남포리 457,40,0.6295081967213115,높음
gyeongbook,울릉초등학교장흥분교장,2000,울릉,초,대부,울릉군 울릉읍 사동리 238,25,0.6295081967213115,높음
jeonnam,몽탄초이산분교장,1985,무안,초,매각,무안군  몽탄면 이산리 129,40,0.6295081967213115,높음
gangwon,만천초 명성분교장,2000,춘천,초,대부,춘천시 동면 상걸리 336,25,0.6295081967213115,높음
chunbook,미원초 종암분교장,2000,청주,초,대부,청주시 상당구 미원면 종암리 387,25,0.6295081967213115,높음
gangwon,후용초등학교,2000,원주,초,대부,원주시 문막읍 후용리 389,25,0.6295081967213115,높음
chunbook,도안초 연촌분교장,1985,괴산증평,초,매각, 증평군 도안면 연촌리 53,40,0.6295081967213115,높음
gyeonggi,미원초 엄소분교장,2000,가평,초,대부,가평군 설악면 엄소리 234-30,25,0.6295081967213115,높음
gyeonggi,옥계초,2000,연천,초,대부,연천군 군남면 옥계리 475-4,25,0.6295081967213115,높음
gyeongbook,입암초등학교방전분교장,2000,영양,초,대부,영양군 입암면 방전리 489-3,25,0.6295081967213115,높음
gyeongbook,조령초 동화원분교,1985,문경,초,매각,문경시 문경읍 상초리 472,40,0.6295081967213115,높음
gangwon,흥업초 사제분교장,2000,원주,초,대부,원주시 흥업면 사제리 534,25,0.6295081967213115,높음
gyeongbook,개포초등학교,2000,예천,초,대부,예천군 개포면 신음리 160-1,25,0.6295081967213115,높음
chunnam,은석초 천북분교장,2000,천안,초,대부,천안시 동남구 북면 납안리 86,25,0.6295081967213115,높음
jeonbook,안천초 승금분교,1985,진안,초,매각,진안군 안천면 삼락리 1515-1,40,0.6295081967213115,높음
gangwon,연곡초 퇴곡분교장,2000,강릉,초,대부,강릉시 연곡면 퇴곡리 225,25,0.6295081967213115,높음
ulsan,대송분교,1993,강남,초,자체활용,울주군 서생면 대송리 195,32,0.6229508196721311,높음
gyeongnam,인산초등학교,1993,밀양,초,자체활용,밀양시 청도면 인산리 656,32,0.6229508196721311,높음
gyeongbook,다인초등학교달제분교장,1993,의성,초,자체활용,의성군 다인면 달제리 1513,32,0.6229508196721311,높음
gyeongnam,신천초등학교내대분교장,1993,산청,초,자체활용,산청군 시천면 내대리569,32,0.6229508196721311,높음
gyeongbook,상옥초등학교하옥분교장,1993,포항,초,자체활용,포항시 북구 죽장면 하옥리 444,32,0.6229508196721311,높음
jeonbook,곰소초 석포분교,1993,부안,초,자체활용,부안군 진서면 석포리 546,32,0.6229508196721311,높음
gyeongnam,운암초등학교,1993,의령,초,자체활용,의령군 가례면 운암리 117,32,0.6229508196721311,높음
jeonbook,성동초,1993,순창,초,자체활용,순창군 동계면 이동리 11,32,0.6229508196721311,높음
jeonnam,약수초성암분교장,1993,장성,초,자체활용,장성 북하면 성함리 632,32,0.6229508196721311,높음
gwangju,본량초등학교 선동분교장,1993,서부,초,자체활용,광산구 선동 494 일원,32,0.6229508196721311,높음
gangwon,계촌초 대미분교장,2012,평창,초,미활용,평창군 방림면 계촌리 520,13,0.6196721311475409,높음
gyeongnam,하일초등학교장춘분교장,2012,고성,초,미활용,고성군 하일면 춘암리 401-2,13,0.6196721311475409,높음
gyeongnam,한산초등학교비진분교장,2012,통영,초,미활용,통영시 한산면 비진리 75-3,13,0.6196721311475409,높음
gyeongnam,사량초등학교돈지분교장,2012,통영,초,미활용,통영시 사량면 돈지리 675,13,0.6196721311475409,높음
gyeongbook,남양초등학교태하분교장,2012,울릉,초,미활용,울릉군 서면 태하리 521-2,13,0.6196721311475409,높음
gyeongbook,영천남부초등학교,2012,영천,초,미활용,영천시 작산동 56,13,0.6196721311475409,높음
gyeongbook,지사초등학교,2012,성주,초,미활용,성주군 수륜면 오천리 280,13,0.6196721311475409,높음
gyeongnam,원량초등학교노대분교장,2012,통영,초,미활용,통영시 욕지면 노대리 66-3,13,0.6196721311475409,높음
chunbook,남신초 덕생분교,2012,음성,초,미활용,음성군 음성읍 삼생리 94,13,0.6196721311475409,높음
chunbook,어상천초 선암분교장,2001,단양,초,대부,단양군 어상천면 석교리 69,24,0.6163934426229508,높음
jeonnam,동면초경복분교장,2001,화순,초,대부,화순 동면 복암리 166   ,24,0.6163934426229508,높음
gyeonggi,양평단월초 산음분교장,2001,양평,초,대부,양평군 단월면 산음리 231-1,24,0.6163934426229508,높음
gyeongbook,북안초 신촌분교,1986,영천,초,매각,영천시 북안면 신촌리 224-2,39,0.6163934426229508,높음
chunnam,안흥초 궁시도분교장,1986,태안,초,매각, 태안군 근흥면 가의도리 산18-2,39,0.6163934426229508,높음
gyeongnam,상리초등학교신촌분교장,1986,고성,초,매각,경상남도 고성군 상리면 고봉리 530,39,0.6163934426229508,높음
gyeongbook,문충초등학교진천분교장,1986,포항,초,매각,포항시 남구 오천읍 진전리 168-1,39,0.6163934426229508,높음
gyeongbook,죽장초등학교상사분교장,2001,포항,초,대부,포항시 북구 죽장면 상사리 1181-1,24,0.6163934426229508,높음
gyeonggi,(구)군남초,2001,연천,초,대부,연천군 군남면 삼거리 597,24,0.6163934426229508,높음
chunnam,이원초 죽도분교장,1986,태안,초,매각, 태안군 이원면 포지리 1091,39,0.6163934426229508,높음
gyeongbook,지곡초등학교,1986,포항,초,매각,포항시 남구 지곡동 166-4,39,0.6163934426229508,높음
gyeongbook,천북초등학교화당분교장,2001,경주,초,대부,경주시 천북면 화산리 145-1,24,0.6163934426229508,높음
gyeongbook,천포초등학교산성분교장,1986,경주,초,매각,경주시 건천읍 송선리 산195-4,39,0.6163934426229508,높음
jeju,화산초등학교,2001,해당없음,초,대부,서귀포시 표선면 세화리 1811-1,24,0.6163934426229508,높음
jeonnam,넙도초마안분교장,1986,완도,초,매각,완도읍 노화읍 내리 산26-4번지,39,0.6163934426229508,높음
gyeongnam,구)웅남초등학교,1986,창원,초,매각,경상남도 창원시 성산구 연덕동 439,39,0.6163934426229508,높음
gangwon,오항초 내평분교장,1986,춘천교육지원청,초,매각,춘천시 북산면 내평리 401,39,0.6163934426229508,높음
gyeongbook,노음초등학교진복분교장,1994,울진,초,자체활용,울진군 근남면 진복리 631,31,0.6098360655737706,높음
gyeonggi,복장포초 금대분교장,1994,가평,초,자체활용,가평군 가평읍  금대리 520-5,31,0.6098360655737706,높음
chunnam,월성초,1994,서천,초,자체활용,서천군 한산면 나교리 400-1,31,0.6098360655737706,높음
gyeongnam,신월초등학교,1994,김해,초,자체활용,김해시 진례면 신월리 440-2,31,0.6098360655737706,높음
daegu,대율초,1994,군위,초,자체활용,군위군 부계면 대율리 644-1,31,0.6098360655737706,높음
gangwon,정선초 신월분교장,1994,정선,초,자체활용,정선군 정선읍 신월리 754-1,31,0.6098360655737706,높음
chunbook,죽향초 군북분교장,1994,옥천,초,자체활용,옥천군 군북면 소정리 245,31,0.6098360655737706,높음
chunbook,신덕초,1994,진천,초,자체활용,진천군 진천읍 삼덕리 607-2,31,0.6098360655737706,높음
gyeongbook,송하초등학교,1994,영양,초,자체활용,영양군 수비면 송하리 367-1,31,0.6098360655737706,높음
gyeongnam,거창초등학교화산분교장,1994,거창,초,자체활용,거창군 거창읍 가지리 435-1,31,0.6098360655737706,높음
incheon,효열초,1994,남부,초,자체활용,인천광역시 미추홀구 도화동 235,31,0.6098360655737706,높음
jeonbook,내장공원초,1994,정읍,초,자체활용,정읍시 내장동 산83,31,0.6098360655737706,높음
chunnam,면천초 죽동분교장,1994,당진,초,자체활용,당진시 면천면 죽동리 347-1,31,0.6098360655737706,높음
jeonbook,석교초,1994,김제,초,자체활용,김제시 백산면 석교리 1-2,31,0.6098360655737706,높음
jeonbook,안천초 백화분교,1994,진안,초,자체활용,진안군 안천면 백화리 875-1,31,0.6098360655737706,높음
gyeongbook,외남초등학교삼남분교장,2013,상주,초,미활용,상주시 외남면 신촌리 467,12,0.6065573770491802,높음
jeonnam,염산초야월분교장,2013,영광,초,미활용,영광 염산면 야월리 300,12,0.6065573770491802,높음
gangwon,여량초 구절분교장,2013,정선,초,미활용,정선군 여량면  구절리 276-1 ,12,0.6065573770491802,높음
gyeongbook,해평초등학교향산분교장,2013,구미,초,미활용,구미시 해평면 산양리 57-1,12,0.6065573770491802,높음
gyeongnam,구)상동초등학교,2013,밀양,초,미활용,밀양시 상동면 금산리 875-2,12,0.6065573770491802,높음
gyeongbook,곡송초등학교,2013,김천,초,미활용,김천시 감문면 태촌리 785,12,0.6065573770491802,높음
gyeongbook,우곡초등학교도진분교장,2013,고령,초,미활용,고령군 우곡면 도진리 270,12,0.6065573770491802,높음
gangwon,도천초 엄둔분교장,1987,영월교육지원청,초,매각,영월군 수주면 도원리 산84,38,0.6032786885245901,높음
chunbook,구정초 오상분교장,2002,진천,초,대부,진천군 초평면 은암리 290-1,23,0.6032786885245901,높음
chunnam,함산초,2002,논산계룡,초,대부,논산시 가야곡면 산노리 508-4,23,0.6032786885245901,높음
gyeonggi,목왕초,1987,양평,초,매각,경기도 양평군 양서면 부용리 산96-1,38,0.6032786885245901,높음
jeonbook,동향초 신송분교,1987,진안,초,매각,진안군 동향면 신송리 954-1,38,0.6032786885245901,높음
gangwon,도촌초원리분교장,1987,양구교육지원청,초,매각,양구군 남면 원리 83-1,38,0.6032786885245901,높음
ulsan,당월분교,1987,강남,초,매각,울주군 온산면 당월리 275,38,0.6032786885245901,높음
chunbook,금성초 황석분교장,1987,제천,초,매각,제천시 청풍면 후산리 47-2,38,0.6032786885245901,높음
jeonnam,낙월초임병분교장,1987,영광,초,매각,영광군 낙월면 임병리 19-7,38,0.6032786885245901,높음
chunbook,산외초 장갑분교장,2002,보은,초,대부,보은군 산외면 장갑리 318,23,0.6032786885245901,높음
gyeonggi,강천초 걸은분교장,2002,여주,초,대부,여주시 강천면 걸은리 625-1,23,0.6032786885245901,높음
gyeongnam,노파초등학교,1987,합천,초,매각,경상남도 합천군 봉산면 술곡리 산81,38,0.6032786885245901,높음
chunbook,내북초 아곡분교장,2002,보은,초,대부,보은군 내북면 상궁리 46-2,23,0.6032786885245901,높음
chunnam,남면초 거아도분교장,1987,태안,초,매각, 태안군 남면 거아도리,38,0.6032786885245901,높음
jeonnam,여산초규포분교장,1987,여수,초,매각,여수시 화정면 낭도리 369-6,38,0.6032786885245901,높음
chunbook,용산초 청화분교장,1987,영동,초,매각,영동군 용산면 미전리 431-3,38,0.6032786885245901,높음
gangwon,하장초 토산분교장,2002,삼척,초,대부,삼척시 하장면  토산리 225,23,0.6032786885245901,높음
gyeonggi,백학초 고랑포분교장,2002,연천,초,대부,연천군 장남면 원당리 678,23,0.6032786885245901,높음
gyeonggi,성곡초,1987,안산,초,매각,안산시 단원구 성곡동 198,38,0.6032786885245901,높음
chunnam,서천초 남양분교장,1987,서천,초,매각,충남 서천군 서천읍 군사리 176-2,38,0.6032786885245901,높음
gangwon,용하초학수분교장,1987,양구교육지원청,초,매각,양구군 남면 청리 510-1,38,0.6032786885245901,높음
gwangju,대촌동초등학교,2002,서부,초,대부,남구 양과동 890 일원,23,0.6032786885245901,높음
gangwon,유현초 금대분교장,2002,횡성,초,대부,횡성군 서원면 금대리 204-10,23,0.6032786885245901,높음
gyeongbook,월정초등학교,2002,청송,초,대부,청송군 현서면 도리 54-3,23,0.6032786885245901,높음
jeonnam,보성남초쾌상분교장,1987,보성,초,매각,보성군 보성읍 쾌상리629-2,38,0.6032786885245901,높음
gyeongbook,부석초등학교상석분교장,2002,영주,초,대부,영주시 부석면 상석리 480-1,23,0.6032786885245901,높음
incheon,길상초초지분교,2002,강화,초,대부,인천광역시 강화군 길상면 초지리 1140-4,23,0.6032786885245901,높음
gangwon,여촌초 덕전분교장,1987,영월교육지원청,초,매각,영월군 북면 덕상리 447,38,0.6032786885245901,높음
jeonnam,성남초등학교,2002,함평,초,대부,함평 함평읍 성남리 215   ,23,0.6032786885245901,높음
jeonbook,동양초 신촌분교,1987,완주,초,매각,완주군 소양면 신촌리 211-2,38,0.6032786885245901,높음
gyeongnam,매물도초등학교가왕도분교장,1987,통영,초,매각,경상남도 통영시 한산면 매죽리 45-2,38,0.6032786885245901,높음
chunbook,탄부초 사직분교장,2002,보은,초,대부,보은군 탄부면 사직리 151-3,23,0.6032786885245901,높음
gangwon,예미초 가사분교장,1987,정선교육지원청,초,매각,정선군 신동읍 가사리 249-6,38,0.6032786885245901,높음
jeonbook,동향초 성산분교,1987,진안,초,매각,진안군 동향면 성산리 11-1,38,0.6032786885245901,높음
incheon,화도초장화분교,1995,강화,초,자체활용,인천광역시 강화군 화도면 장화리 336-3,30,0.5967213114754099,보통
gyeongnam,진동초등학교태봉분교장,1995,창원,초,자체활용,창원시 마산합포구 진동면 태봉리 68,30,0.5967213114754099,보통
gyeongnam,미천중학교,1995,진주,중,대부,진주시 미천면 오방리 600,30,0.5967213114754099,보통
jeonbook,송북초,1995,남원,초,자체활용,남원시 송동면 장국리 631,30,0.5967213114754099,보통
jeonnam,도화초도화동분교장,1995,고흥,초,자체활용,고흥 도화면 봉산리 824,30,0.5967213114754099,보통
jeonnam,옥룡북초동곡분교장,1995,광양,초,자체활용,광양 옥룡면 동곡리 762,30,0.5967213114754099,보통
gyeongbook,평은초등학교영은분교장,1995,영주,초,자체활용,영주시 평은면 평은리 1110-1,30,0.5967213114754099,보통
jeonnam,연도초여남중연도분교장,1995,여수,초,자체활용,여수 남면 연도리 424,30,0.5967213114754099,보통
gyeongbook,강구초등학교직천분교장,1995,영덕,초,자체활용,영덕군 강구면 원직리 263,30,0.5967213114754099,보통
gangwon,초계초등학교,1995,고성,초,자체활용,고성군 거진읍 대대리 315-1,30,0.5967213114754099,보통
gyeongbook,해평초등학교괴곡분교장,1995,구미,초,자체활용,구미시 해평면 괴곡리 351,30,0.5967213114754099,보통
gangwon,천전초 부귀분교장,1995,춘천,초,자체활용,춘천시 북산면 부귀리 433-1,30,0.5967213114754099,보통
gangwon,송화초 서원분교장,1995,춘천,초,자체활용,춘천시 신북읍 용산리 725-2,30,0.5967213114754099,보통
gyeonggi,산호초,1995,포천,초,자체활용,포천시 영북면 산정리 83,30,0.5967213114754099,보통
jeonbook,오궁초,1995,임실,초,자체활용,임실군 신덕면 지장리 45,30,0.5967213114754099,보통
jeonbook,도청초,1995,부안,초,자체활용,부안군 변산면  도청리 312-2,30,0.5967213114754099,보통
gyeonggi,탄벌초 목현분교장,1995,광주하남,초,자체활용,광주시 목현동 418-1,30,0.5967213114754099,보통
chunbook,성남초 종인분교장,1995,충주,초,자체활용,충주시 종민동 510-3,30,0.5967213114754099,보통
gyeonggi,월곶초 문수분교장,1995,김포,초,자체활용,김포시 월곶면 보구곶리 359,30,0.5967213114754099,보통
jeonnam,고흥남초등학교,1995,고흥,초,자체활용,고흥 포두면 등암리 326-1,30,0.5967213114754099,보통
gyeongbook,노월초등학교,1995,경주,초,자체활용,경주시 내남면 노곡리 909-6,30,0.5967213114754099,보통
gyeongbook,강동초등학교단구분교장,2014,경주,초,미활용,경주시 강동면 단구리 1147,11,0.5934426229508197,보통
gyeongnam,신천초등학교,2014,김해,초,미활용,김해시 한림면 신천리 662,11,0.5934426229508197,보통
chunnam,대평초,2014,홍성,초,미활용,홍성군 광천읍 대평리 318,11,0.5934426229508197,보통
jeonnam,나로고등학교,2014,고흥,초,미활용,고흥 봉래면 신금리 838,11,0.5934426229508197,보통
chunnam,광남초,2014,홍성,초,미활용,홍성군 광천읍 옹암리 353-2,11,0.5934426229508197,보통
jeonnam,의동초등학교,2014,진도,초,미활용,진도 의신면 초사리 102,11,0.5934426229508197,보통
gangwon,북평초 담임분교장,1988,정선교육지원청,초,매각,정선군 북평면 숙암리 307,37,0.5901639344262294,보통
gyeongnam,구)성주초등학교,1988,창원,초,매각,경상남도 창원시 성산구 남산동 383,37,0.5901639344262294,보통
gyeongnam,고암초등학교계상분교장,1988,창녕,초,매각,경상남도 창녕군 고암면 계상리 131-2,37,0.5901639344262294,보통
gyeongnam,구)창원상남초등학교,1988,창원,초,매각,경상남도 창원시 의창구 용지동 201,37,0.5901639344262294,보통
gangwon,신동초 마차분교장,2003,삼척,초,대부,삼척시 신기면  마치리 505-2,22,0.5901639344262294,보통
jeju,광명분교장,1988,서귀포시,초,매각,서귀포시 안덕면 서광리 2162-3,37,0.5901639344262294,보통
daegu,"지산초
범물분교",1988,동부,초,매각,수성구 범물동 1118-1,37,0.5901639344262294,보통
gyeonggi,오학초 오금분교장,1988,여주,초,매각,여주시 북내면 오금리 83-1,37,0.5901639344262294,보통
gangwon,만종초 명신분교장,1988,원주교육지원청,초,매각,원주시 호저면 만종리 402,37,0.5901639344262294,보통
chunbook,송계초 동산분교장,1988,제천,초,매각,제천시 한수면 송계리 1088,37,0.5901639344262294,보통
gyeongnam,가천초등학교,1988,합천,초,매각,경상남도 합천군 봉산면 상현리 34,37,0.5901639344262294,보통
gyeonggi,연천초 통현분교장,1988,연천,초,매각,"연천군 연천읍 통현리 80-2
연천군 전곡읍 신답리 258-1",37,0.5901639344262294,보통
gyeonggi,군남초 왕림분교장,1988,연천,초,매각,"연천군 군남면 왕림리 417-1
연천군 군남면 왕림리 420-1",37,0.5901639344262294,보통
chunbook,송한초 오미분교장,1988,제천,초,매각,제천시 송학면 오미리 222,37,0.5901639344262294,보통
gyeonggi,다문초 화전분교장,1988,양평,초,매각,경기도 양평군 용문면 화전리 347-1,37,0.5901639344262294,보통
gyeonggi,갈운초 도원분교장,1988,양평,초,매각,경기도 양평군 청운면 도원리 296,37,0.5901639344262294,보통
chunbook,대강초 죽령분교장,1988,단양,초,매각, 단양군 대강면 용부원리 82,37,0.5901639344262294,보통
gyeonggi,동부초 배알분교장,1988,광주하남,초,매각,광주군 동부읍 배알미리 4,37,0.5901639344262294,보통
chunbook,용암초 도동분교장,1988,영동,초,매각,영동군 황간면 우천리 408-1,37,0.5901639344262294,보통
chunbook,금호초 마곡분교장,1988,영동,초,매각,영동군 심천면 마곡리 885,37,0.5901639344262294,보통
chunbook,청풍초 안암분교장,1988,제천,초,매각,제천시 금성면 성내리 산48-4,37,0.5901639344262294,보통
chunbook,추풍령초 계룡분교,1988,영동,초,매각,영동군 추풍령면 계룡리 452-1,37,0.5901639344262294,보통
chunbook,추풍령초 죽전분교,1988,영동,초,매각,영동군 추풍령면 죽전리 205-1,37,0.5901639344262294,보통
chunbook,칠성초 갈론분교장,1988,괴산증평,초,매각,괴산군 칠성면 사은리 102-2,37,0.5901639344262294,보통
chunbook,황학초 흥덕분교,1988,영동,초,매각,영동군 상촌면 흥덕리 산7-9,37,0.5901639344262294,보통
gangwon,인제초 고사분교장,1988,인제교육지원청,초,매각,인제군 인제읍 고사리 520-12,37,0.5901639344262294,보통
gangwon,오미초천미분교장,1988,양구교육지원청,초,매각,양구군 방산면 천미리 293,37,0.5901639344262294,보통
gangwon,임계초 소란분교장,2003,정선,초,대부,정선군 임계면 송계리 882-8,22,0.5901639344262294,보통
daegu,"반야월초
매여분교",1988,동부,초,매각,동구 매여동 275,37,0.5901639344262294,보통
daegu,"공산초
신무분교",1988,동부,초,매각,동구 신무동 690,37,0.5901639344262294,보통
jeonnam,녹동초녹산분교장,1988,고흥,초,매각,도양읍 소록리 98,37,0.5901639344262294,보통
jeonnam,신광초함정분교장,1988,함평,초,매각,함평군 신광면 함정리 160-2,37,0.5901639344262294,보통
jeonnam,우산초월산분교장,1988,순천,초,매각,순천시 송광면 월산리 1023,37,0.5901639344262294,보통
incheon,"백령초
관창분교",1988,남부,초,매각,백령면 진촌리 1087-1,37,0.5901639344262294,보통
gyeongnam,반성초등학교가선분교장,1988,진주,초,매각,경상남도 진주시 일반성면 가선리 86,37,0.5901639344262294,보통
gyeongnam,덕산초등학교행암분교장,1988,창원,초,매각,경상남도 창원시 진해구 행암동 181-1,37,0.5901639344262294,보통
jeonnam,도월초등학교,1988,순천,초,매각,순천시 상사면 도월리 196,37,0.5901639344262294,보통
gyeongnam,여항초등학교상미분교장,1988,함안,초,매각,경상남도 창원시 마산합포구 진전면 평암리 1080,37,0.5901639344262294,보통
gyeongbook,임하동부초등학교 사의분교장,1988,안동,초,매각,안동시 임하면 사의리 100-2,37,0.5901639344262294,보통
gyeongbook,문촌초등학교,1988,봉화,초,매각,봉화군 상운면 문촌리 785,37,0.5901639344262294,보통
gyeongbook,내룡초 항동분교장,1988,청송,초,매각,청송군 주왕산면 항리 171,37,0.5901639344262294,보통
gyeongnam,여항초등학교덕천분교장,1988,함안,초,매각,경상남도 창원시 마산합포구 진전면 여양리 903-1,37,0.5901639344262294,보통
gyeongnam,칠원초등학교산정분교장,1988,함안,초,매각,경상남도 함안군 칠원읍 무기리 237-2,37,0.5901639344262294,보통
jeju,화전분교장,1988,제주시,초,매각,제주시 애월읍 어도리 산25-1,37,0.5901639344262294,보통
daegu,"공산초
능성분교",1988,동부,초,매각,동구 능성동 354,37,0.5901639344262294,보통
gyeonggi,양평중 옥천분교장,1996,양평,초,자체활용,양평군 옥천면 옥천리 549-1,29,0.5836065573770491,보통
daejeon,신탄진용정초 용호분교장,1996,동부,초,자체활용,대덕구 용호동 55,29,0.5836065573770491,보통
jeju,삼양초회천분교장,1996,해당없음,초,자체활용,제주시 회천동 2307,29,0.5836065573770491,보통
jeonnam,영암초학신분교장,1996,영암,초,자체활용,영암 영암읍 농덕리 704-2,29,0.5836065573770491,보통
jeonbook,무주동초,1996,무주,초,자체활용,무주군 무주읍  오산리 302-2,29,0.5836065573770491,보통
jeonbook,임실서초,1996,임실,초,자체활용,임실군 임실읍 신안리 325,29,0.5836065573770491,보통
jeonnam,입면초동강분교장,1996,곡성,초,자체활용,곡성 입면 제월리 4 14,29,0.5836065573770491,보통
jeonnam,도상초등학교,1996,곡성,초,자체활용,곡성 곡성읍 구원리 65,29,0.5836065573770491,보통
daegu,경운초감삼분교,1996,서부,초,자체활용,서구 내당동 467-2,29,0.5836065573770491,보통
gyeonggi,금광초 대문분교장,1996,안성,초,자체활용,안성시 금광면 현곡리 53-3,29,0.5836065573770491,보통
jeonnam,화태초여동분교장,2015,여수,초,미활용,여수 남면 횡간리 251,10,0.580327868852459,보통
chunnam,장곡초 오서분교장,2015,홍성,초,미활용,홍성군 장곡면 광성리 28,10,0.580327868852459,보통
jeonnam,현경고등학교,2015,무안,초,미활용,무안 현경면 외반리 492-1,10,0.580327868852459,보통
gyeongbook,양남초등학교상계분교장,2015,경주,초,미활용,경주시 양남면 상계리 57-2,10,0.580327868852459,보통
jeonnam,벌교초제석분교장,2015,보성,초,미활용,보성 벌교읍 장양리 793,10,0.580327868852459,보통
jeonnam,장성신흥중학교,2015,장성,초,미활용,장성 북일면 성덕리 36,10,0.580327868852459,보통
gyeonggi,미원초 송산분교장,1989,가평,초,매각,가평군 설악면 송산리 274-1,36,0.5770491803278689,보통
chunbook,가덕초 상야분교장,2004,청주,초,대부,청주시 상당구 가덕면 상야리 351-1,21,0.5770491803278689,보통
jeonbook,주천초 만선분교,1989,무주,초,매각,무주군 설천면 심곡 산43-2,36,0.5770491803278689,보통
gyeongbook,감포초등학교연동분교장,1989,경주,초,매각,경주시 감포읍 오류리 130,36,0.5770491803278689,보통
gyeonggi,도수초 우산분교장,1989,광주하남,초,매각,광주군 퇴촌면 우산리 226,36,0.5770491803278689,보통
jeonbook,운호초 마동분교,1989,부안,초,매각,부안군 진서면 운호리 370-5,36,0.5770491803278689,보통
gyeonggi,내가초 고부분교장,1989,강화,초,매각,강화군 내가면 고천리 1760-6,36,0.5770491803278689,보통
jeonbook,청웅초 옥석분교,1989,임실,초,매각,임실군 청웅면 옥선리 532,36,0.5770491803278689,보통
chunbook,낭성초 갈산분교장,2004,청주,초,대부,청주시 상당구 낭성면 갈산리 341-1,21,0.5770491803278689,보통
gyeongbook,구례초,1989,김천,초,매각,김천시 어모면 구례리 626,36,0.5770491803278689,보통
gyeongbook,영양초 감천분교장,1989,영양,초,매각,영양군 영양읍 감천리 724,36,0.5770491803278689,보통
gangwon,남선초 웅동분교장,1989,정선교육지원청,초,매각,정선군 남면 문곡리 505,36,0.5770491803278689,보통
gangwon,노림초등학교,2004,원주,초,대부,원주시 부론면 노림리 403,21,0.5770491803278689,보통
gyeonggi,천남초 상구분교장,1989,여주,초,매각,여주시 대신면 상구리 산13-3,36,0.5770491803278689,보통
jeonnam,겸면초마삼분교장,2004,곡성,초,대부,곡성 겸면 마전리 566   ,21,0.5770491803278689,보통
jeonnam,노화북초마삭분교장,1989,완도,초,매각,완도군 노화읍 신양리 산306-3번지,36,0.5770491803278689,보통
jeonnam,다시초회진분교장,1989,나주,초,매각,나주시 다시면 회진리 163,36,0.5770491803278689,보통
gangwon,안흥초 매화분교장,1989,횡성교육지원청,초,매각,횡성군 안흥면 안흥리 908,36,0.5770491803278689,보통
gyeonggi,양평부안초,2004,양평,초,대부,양평군 단월면 부안리 236-1,21,0.5770491803278689,보통
busan,정관초 병산분교장,1989,해운대,초,매각,부산 기장군 정관면 병산리 266-4,36,0.5770491803278689,보통
gangwon,인제남초 동아분교장,1989,인제교육지원청,초,매각,인제군 남면 남전리 248,36,0.5770491803278689,보통
jeonnam,사평초다산분교장,1989,화순,초,매각,화순군 남면 다산리 399,36,0.5770491803278689,보통
jeonbook,풍남중 중인분교,1989,전주,중,자체활용,전주시 완산구 중인리 676-1,36,0.5770491803278689,보통
gyeonggi,선택초 동검분교장,1989,강화,초,매각,강화군 길상면 동검리 591,36,0.5770491803278689,보통
gyeongbook,봉하초마일분교,1989,청도,초,매각,청도군 운문면 마일리 1603-1,36,0.5770491803278689,보통
gyeongnam,칠원초등학교운곡분교장,1989,함안,초,매각,경상남도 함안군 칠원읍 운곡리 976,36,0.5770491803278689,보통
busan,장안초 대룡분교장,1989,해운대,초,매각,부산 기장군 장안읍 오리 151-2,36,0.5770491803278689,보통
gyeongbook,봉산초등학교정천분교장,1989,포항,초,매각,포항시 남구 장기면 정천리 22,36,0.5770491803278689,보통
jeonnam,금당초대화분교장,1989,완도,초,매각,완도군 금당면 육산리 산331번지,36,0.5770491803278689,보통
incheon,"해명초
 석포분교",1989,강화,초,매각,강화군 삼산면 석포리 295-4,36,0.5770491803278689,보통
daegu,"용계초
오동분교",1989,달성,초,매각,가창면 오리 785-1,36,0.5770491803278689,보통
jeju,색달분교장,1989,서귀포시,초,매각,서귀포시 색달동 755,36,0.5770491803278689,보통
chunbook,유덕초 덕곡분교장,1989,제천,초,매각,제천시 한수면 덕곡리 120,36,0.5770491803278689,보통
jeonbook,명덕초 덕유분교,1989,장수,초,매각,장수군 장계면 명덕 537-1,36,0.5770491803278689,보통
ulsan,온산국교,1989,강남,초,매각,울주군 온산면 대정리 113-2,36,0.5770491803278689,보통
chunbook,양산초 가선분교장,1989,영동,초,매각,영동군 양산면 가선리 152-1,36,0.5770491803278689,보통
gyeongnam,신제초등학교,1989,창녕,초,매각,경상남도 창녕군 영산면 신제리 172-4,36,0.5770491803278689,보통
chunbook,심천초 길현분교장,1989,영동,초,매각,영동군 심천면 길현리 578,36,0.5770491803278689,보통
chunbook,황간초 우매분교,1989,영동,초,매각,영동군 황간면 우매리 110,36,0.5770491803278689,보통
gyeongnam,남지초등학교성사분교장,1989,창녕,초,매각,경상남도 창녕군 남지읍 성사리 942,36,0.5770491803278689,보통
gyeongnam,송계초등학교화현분교장,1989,산청,초,매각,경상남도 산청군 생비량면 화현리 565-1,36,0.5770491803278689,보통
jeonbook,연평초 연화분교,1989,장수,초,매각,장수군 천천면 연평 1578,36,0.5770491803278689,보통
jeonbook,무주초 장백분교,1989,무주,초,매각,무주군 무주읍 장백 637-2,36,0.5770491803278689,보통
gyeongnam,대방초등학교실안분교장,2004,사천,초,대부,사천시 실안동 440,21,0.5770491803278689,보통
jeonnam,천태초봉하분교장,2004,화순,초,대부,화순 도암면 봉하리 200   ,21,0.5770491803278689,보통
gyeongnam,단성초등학교묵곡분교장,1989,산청,초,매각,경상남도 산청군 단성면 묵곡리 298,36,0.5770491803278689,보통
jeonnam,금계분교장,1989,나주,초,매각,나주시 문평면 북동리,36,0.5770491803278689,보통
gyeongnam,금서초등학교방곡분교장,1989,산청,초,매각,경상남도 산청군 금서면 방곡리 817,36,0.5770491803278689,보통
gyeongbook,중동중학교,2008,상주,중,미활용,상주시 중동면 간상리 872,17,0.5737704918032785,보통
gyeongnam,덕곡중학교,2008,합천,중,미활용,합천군 덕곡면 장리 760,17,0.5737704918032785,보통
gyeongnam,합천중학교봉산분교장,1997,합천,중,대부,합천군 봉산면 김봉리 351-1,28,0.5704918032786886,보통
chunnam,시묘초,1997,논산계룡,초,자체활용,논산시 은진면 시묘리 496-1,28,0.5704918032786884,보통
jeonbook,난신초,1997,부안,초,자체활용,부안군 줄포면 신리 300,28,0.5704918032786884,보통
jeonbook,내도초,1997,무주,초,자체활용,무주군 무주읍 내도리 133-1,28,0.5704918032786884,보통
gyeongbook,온양초등학교,1997,울진,초,자체활용,울진군 울진읍 온양리 224-9,28,0.5704918032786884,보통
gyeongnam,안의초등학교대지분교장,1997,함양,초,자체활용,함양군 안의면 신안리 975,28,0.5704918032786884,보통
gyeongnam,월성초등학교,1997,산청,초,자체활용,산청군 신안면 신안리423-3,28,0.5704918032786884,보통
gangwon,남산초 장전분교장,1997,홍천,초,자체활용,홍천군 홍천읍 장전평리 252,28,0.5704918032786884,보통
gyeongnam,유어초등학교회룡분교장,1997,창녕,초,자체활용,창녕군 유어면 대대리 387-1,28,0.5704918032786884,보통
gyeonggi,도수초 삼성분교장,1997,광주하남,초,자체활용,광주시 남종면 삼성리 347,28,0.5704918032786884,보통
gangwon,근덕초 마읍분교장,2016,삼척,초,미활용,삼척시 노곡면 중마읍리 102,9,0.5672131147540983,보통
jeonnam,도포초영농분교장,2016,영암,초,미활용,영암 도포면 영호리 919-10,9,0.5672131147540983,보통
gyeongbook,영덕야성초등학교매정분교장,2016,영덕,초,미활용,영덕군 영덕읍 매정리 88,9,0.5672131147540983,보통
gangwon,둔내초 덕성분교장,2016,횡성,초,미활용,횡성군 둔내면 화동리 504-1,9,0.5672131147540983,보통
gangwon,가산초 품걸분교장,2005,춘천,초,대부,춘천시 동면 품걸리 75-1,20,0.5639344262295082,보통
gangwon,남선초 광덕분교장,2005,정선,초,대부,정선군 남면 광덕리 1058,20,0.5639344262295082,보통
gyeonggi,청운초 내현분교장,1990,양평,초,매각,경기도 양평군 청운면 가현리 200,35,0.5639344262295082,보통
ulsan,춘도국교,1990,강남,초,매각,울주군 온산면 방도리 117-1,35,0.5639344262295082,보통
gyeongnam,냉천초등학교성산분교장,1990,창녕,초,매각,경상남도 창녕군 성산면 운봉리 129,35,0.5639344262295082,보통
gangwon,서원초 석화분교장,1990,횡성교육지원청,초,매각,횡성군 서원면 석화리 208,35,0.5639344262295082,보통
gyeongnam,대의초등학교천곡분교장,1990,의령,초,매각,경상남도 의령군 대의면 천곡리 418,35,0.5639344262295082,보통
gangwon,안미초 선애분교장,2005,평창,초,대부,평창군 대화면 상안미리 888-1,20,0.5639344262295082,보통
gangwon,봉덕초등학교,2005,횡성,초,대부,횡성군 청일면 갑천리 360,20,0.5639344262295082,보통
gyeongbook,자명초등학교,2005,포항,초,대부,포항시 남구 연일읍 자명리 526-1,20,0.5639344262295082,보통
chunnam,광명초 월도분교장,1990,보령,초,매각,보령시 오천면 효자도리 411,35,0.5639344262295082,보통
jeonnam,대구초용운분교장 ,1990,강진,초,매각,강진군 대구면 용운리 466-1,35,0.5639344262295082,보통
chunbook,백운초 애련분교장,1990,제천,초,매각,제천시 백운면 애련리 198,35,0.5639344262295082,보통
gyeonggi,"신북초 
신평분교장",1990,포천,초,매각,경기도 포천시 신북면 신평리 214-1,35,0.5639344262295082,보통
incheon,"삼산초
송광분교",1990,강화,초,매각,강화군 삼산면 상리 619,35,0.5639344262295082,보통
gyeongnam,부림초등학교봉림분교장,1990,의령,초,매각,경상남도 의령군 부림면 대곡리 149,35,0.5639344262295082,보통
gyeongnam,청덕초등학교덕진분교장,1990,합천,초,매각,경상남도 합천군 청덕면 성태리 213,35,0.5639344262295082,보통
gangwon,고산초 입암분교장,1990,원주교육지원청,초,매각,원주시 호저면 고산리 149-1,35,0.5639344262295082,보통
gyeonggi,단석초 거단분교장,1990,양평,초,매각,경기도 양평군 양동면 단석리 1120,35,0.5639344262295082,보통
jeonnam,율촌초장도분교장,1990,여수,초,매각,여수시 율촌면 장도리 201-1,35,0.5639344262295082,보통
gyeonggi,대남초 육도분교장,1990,안산,초,매각,안산시 단원구 풍도동 산271,35,0.5639344262295082,보통
gyeonggi,대동초 불도분교장,1990,안산,초,매각,안산시 단원구 선감동 28,35,0.5639344262295082,보통
gyeongnam,한산초등학교매물도분교장,2005,통영,초,대부,통영시 한산면 매죽리 34-13,20,0.5639344262295082,보통
chunbook,수산초 괴곡분교장,1990,제천,초,매각,제천시 수산면 원대리 137,35,0.5639344262295082,보통
jeonbook,조림초 학동분교,1990,진안,초,매각,진안군 정천면 봉학리 983,35,0.5639344262295082,보통
gyeongnam,원량초등학교도덕분교장,2005,통영,초,대부,통영시 욕지면 서산리 644,20,0.5639344262295082,보통
gyeongbook,가천초등학교법전분교장,1990,성주,초,매각,경상북도 성주군 가천면 법전1리 193-3번지,35,0.5639344262295082,보통
gyeonggi,가평초 승안분교장,1990,가평,초,매각,가평군 가평읍 승안리 302-1,35,0.5639344262295082,보통
gyeongbook,곡강초등학교양백분교장,1990,포항,초,매각,포항시 북구 흥해읍 양백리 458,35,0.5639344262295082,보통
gyeongbook,길안초등학교 용계분교장,1990,안동,초,매각,안동시 길안면 용계리 244,35,0.5639344262295082,보통
gyeongnam,쌍백초등학교운곡분교장,1990,합천,초,매각,경상남도 합천군 쌍백면 운곡리 554,35,0.5639344262295082,보통
jeonbook,무주여중,1990,무주,중,자체활용,무주군 무주읍 읍내리 472,35,0.5639344262295082,보통
jeonnam,화태초소횡간분교장,1990,여수,초,매각,여수시 남면 횡간리 21,35,0.5639344262295082,보통
gyeonggi,산음초 산대분교장,1990,양평,초,매각,경기도 양평군 단월면 석산리 470,35,0.5639344262295082,보통
gyeonggi,산음초 석산분교장,1990,양평,초,매각,경기도 양평군 단월면 석산리 136,35,0.5639344262295082,보통
jeonnam,황룡초와우분교장,1990,장성,초,매각,장성군 황룡면 와우리 15,35,0.5639344262295082,보통
gyeongbook,문암초 용저분교장,1990,영양,초,매각,영양군 일월면 용화리 37,35,0.5639344262295082,보통
jeonnam,황룡초통안분교장,1990,장성,초,매각,장성군 황룡면 통안리 165,35,0.5639344262295082,보통
gangwon,죽왕초 구성분교장,2005,고성,초,대부,고성군 죽왕면 구성리 118-5,20,0.5639344262295082,보통
chunbook,화당초 덕동분교장,1990,제천,초,매각,제천시 백운면 덕동리 252-2,35,0.5639344262295082,보통
gyeongbook,부곡초 기곡분교장,1990,청송,초,매각,청송군 진보면 기곡리 520-1,35,0.5639344262295082,보통
jeju,덕천분교장,1990,제주시,초,매각,제주시 구좌읍 덕천리 300,35,0.5639344262295082,보통
gyeongbook,신광초등학교마북분교장,1990,포항,초,매각,포항시 북구 신광면 마북리 171-4,35,0.5639344262295082,보통
jeonbook,상관초 마치분교,1990,완주,초,매각,완주군 상관면 마치리 197,35,0.5639344262295082,보통
incheon,말도분교,1990,강화,초,매각,강화군 삼산면 말도리 26-1,35,0.5639344262295082,보통
daegu,"금포초
노이분교",1990,달성,초,매각,논공읍 노이리 597,35,0.5639344262295082,보통
